occ_code,observed_exposure
11-1011,0.0333
11-1021,0.1378
11-1031,0.0
11-2011,0.1731
11-2021,0.3195
11-2022,0.0433
11-2032,0.2315
11-3012,0.0
11-3013,0.1345
11-3021,0.1559
11-3031,0.3907
11-3051,0.0132
11-3061,0.2004
11-3071,0.0956
11-3111,0.0
11-3121,0.0
11-3131,0.3777
11-9013,0.0
11-9021,0.1186
11-9031,0.0395
11-9032,0.0525
11-9033,0.0644
11-9041,0.0306
11-9051,0.0
11-9071,0.0
11-9081,0.1215
11-9111,0.0659
11-9121,0.0613
11-9131,0.0
11-9141,0.1653
11-9151,0.1808
11-9161,0.0
11-9171,0.0108
11-9179,0.1244
11-9199,0.0686
13-1011,0.118
13-1031,0.0818
13-1032,0.0
13-1041,0.1211
13-1051,0.0
13-1071,0.4034
13-1074,0.0
13-1075,0.0
13-1081,0.1571
13-1111,0.2435
13-1121,0.1023
13-1131,0.0466
13-1141,0.0649
13-1151,0.2793
13-1161,0.6483
13-1199,0.1846
13-2011,0.3478
13-2031,0.0672
13-2041,0.1685
13-2051,0.5716
13-2052,0.3504
13-2053,0.0625
13-2054,0.2649
13-2061,0.0428
13-2071,0.2341
13-2072,0.1857
13-2081,0.0275
13-2082,0.1283
13-2099,0.2202
15-1211,0.2763
15-1212,0.4859
15-1221,0.3404
15-1231,0.2867
15-1232,0.4685
15-1241,0.1987
15-1242,0.3315
15-1243,0.5787
15-1244,0.3373
15-1251,0.7451
15-1252,0.288
15-1253,0.5195
15-1254,0.4802
15-1255,0.249
15-1299,0.3106
15-2011,0.0539
15-2021,0.4241
15-2031,0.4288
15-2041,0.2107
15-2051,0.4605
15-2099,0.4793
17-1011,0.0784
17-1012,0.0
17-1021,0.08
17-1022,0.0022
17-2011,0.0753
17-2021,0.0
17-2031,0.1328
17-2041,0.0
17-2051,0.0081
17-2061,0.1453
17-2071,0.059
17-2072,0.0999
17-2081,0.0358
17-2111,0.0
17-2112,0.0367
17-2121,0.0358
17-2131,0.0
17-2141,0.0813
17-2151,0.0
17-2161,0.0
17-2171,0.0
17-2199,0.0659
17-3011,0.0
17-3012,0.0889
17-3013,0.0
17-3021,0.0
17-3022,0.0776
17-3023,0.0202
17-3024,0.0
17-3025,0.1029
17-3026,0.0
17-3027,0.0683
17-3029,0.0
17-3031,0.0
19-1011,0.0
19-1012,0.0
19-1013,0.0513
19-1021,0.0756
19-1022,0.0969
19-1023,0.0606
19-1029,0.2452
19-1031,0.0
19-1032,0.0
19-1041,0.0
19-1042,0.0381
19-2011,0.3849
19-2012,0.2727
19-2021,0.038
19-2031,0.2614
19-2032,0.1843
19-2041,0.0548
19-2042,0.043
19-2043,0.0748
19-2099,0.0379
19-3011,0.2418
19-3022,0.4316
19-3032,0.1577
19-3033,0.0591
19-3034,0.0467
19-3039,0.0
19-3041,0.3833
19-3051,0.0959
19-3091,0.1354
19-3092,0.1096
19-3093,0.028
19-3094,0.452
19-3099,0.0327
19-4012,0.0058
19-4013,0.2038
19-4021,0.0599
19-4031,0.3148
19-4042,0.1444
19-4043,0.229
19-4051,0.0
19-4061,0.4393
19-4071,0.0221
19-4092,0.0
19-4099,0.0955
19-5011,0.0
19-5012,0.0
21-1012,0.1182
21-1013,0.0
21-1015,0.0
21-1021,0.0074
21-1022,0.0916
21-1023,0.0
21-1091,0.1376
21-1092,0.0
21-1093,0.0
21-1094,0.0
21-2011,0.1116
21-2021,0.153
23-1011,0.1673
23-1012,0.1704
23-1021,0.3048
23-1022,0.2426
23-1023,0.3109
23-2011,0.2927
23-2093,0.0216
25-1011,0.3072
25-1021,0.2414
25-1022,0.4305
25-1031,0.0
25-1032,0.3589
25-1041,0.0
25-1042,0.2914
25-1043,0.0206
25-1051,0.0396
25-1052,0.2185
25-1053,0.0232
25-1054,0.0
25-1061,0.0236
25-1062,0.0
25-1063,0.0
25-1064,0.0
25-1065,0.0
25-1066,0.3219
25-1067,0.0
25-1071,0.3045
25-1072,0.1909
25-1081,0.2621
25-1082,0.018
25-1111,0.0
25-1112,0.0
25-1113,0.0
25-1121,0.2142
25-1122,0.2111
25-1123,0.3618
25-1124,0.2403
25-1125,0.0994
25-1126,0.2197
25-1192,0.0
25-1193,0.1138
25-1194,0.1563
25-2011,0.0
25-2012,0.0
25-2021,0.103
25-2022,0.2972
25-2023,0.0
25-2031,0.2901
25-2032,0.0
25-2051,0.0058
25-2057,0.134
25-2058,0.0989
25-2059,0.0257
25-3011,0.0636
25-3021,0.0662
25-3041,0.4077
25-4011,0.1348
25-4012,0.4123
25-4013,0.0
25-4022,0.2032
25-4031,0.054
25-9021,0.0
25-9031,0.3043
25-9044,0.1002
27-1011,0.2098
27-1012,0.0539
27-1013,0.3565
27-1014,0.3571
27-1021,0.0437
27-1022,0.0568
27-1023,0.0
27-1024,0.3672
27-1025,0.0
27-1026,0.0
27-1027,0.0
27-2011,0.1011
27-2012,0.092
27-2021,0.0
27-2022,0.0
27-2023,0.0
27-2031,0.0
27-2032,0.0801
27-2041,0.0368
27-2042,0.0
27-3011,0.0634
27-3023,0.2098
27-3031,0.453
27-3041,0.246
27-3042,0.4747
27-3043,0.2462
27-3091,0.4304
27-3092,0.3431
27-4011,0.0173
27-4012,0.0197
27-4014,0.0
27-4021,0.195
27-4031,0.1651
27-4032,0.2234
29-1011,0.0
29-1021,0.0309
29-1022,0.0
29-1023,0.0
29-1024,0.0
29-1031,0.1328
29-1041,0.0
29-1051,0.0896
29-1071,0.0
29-1081,0.0
29-1122,0.008
29-1123,0.0174
29-1124,0.0
29-1125,0.0
29-1126,0.0
29-1127,0.0
29-1128,0.0
29-1129,0.0402
29-1131,0.0
29-1141,0.0595
29-1151,0.0
29-1161,0.052
29-1171,0.0944
29-1181,0.0
29-1211,0.0
29-1213,0.0
29-1215,0.0
29-1216,0.084
29-1217,0.0
29-1218,0.0685
29-1221,0.0
29-1222,0.1577
29-1223,0.0
29-1224,0.199
29-1229,0.0297
29-1241,0.0
29-1242,0.0
29-1243,0.0
29-1291,0.0
29-1292,0.0
29-1299,0.0222
29-2031,0.0
29-2032,0.0
29-2033,0.0
29-2034,0.0
29-2035,0.039
29-2042,0.0
29-2043,0.0
29-2051,0.2446
29-2052,0.0735
29-2053,0.0
29-2055,0.0
29-2056,0.0
29-2057,0.0
29-2061,0.0
29-2072,0.6674
29-2081,0.0
29-2091,0.0
29-2092,0.0
29-2099,0.0445
29-9021,0.3063
29-9091,0.0531
29-9092,0.0123
29-9093,0.0
29-9099,0.0
31-1131,0.0
31-1132,0.0
31-1133,0.0
31-2011,0.0
31-2012,0.0661
31-2021,0.0
31-2022,0.0
31-9011,0.0
31-9091,0.0
31-9092,0.0476
31-9093,0.0
31-9094,0.6365
31-9095,0.022
31-9096,0.0179
31-9097,0.0
31-9099,0.0
33-1011,0.0315
33-1012,0.0
33-1021,0.0
33-2011,0.0
33-2021,0.0
33-2022,0.0
33-3011,0.0
33-3012,0.0
33-3021,0.0374
33-3031,0.0
33-3041,0.0
33-3051,0.1234
33-3052,0.0
33-9011,0.0
33-9021,0.0
33-9031,0.0
33-9032,0.0
33-9091,0.0
33-9092,0.0
33-9093,0.0
33-9099,0.0571
35-1011,0.0
35-1012,0.0564
35-2011,0.0
35-2012,0.0
35-2013,0.0
35-2014,0.0116
35-2015,0.0
35-2021,0.0
35-3011,0.0
35-3023,0.0
35-3031,0.0
35-3041,0.0
35-9011,0.0
35-9021,0.0
35-9031,0.0734
37-1011,0.0436
37-1012,0.1083
37-2011,0.0
37-2012,0.0
37-2021,0.046
37-3011,0.0
37-3012,0.0
37-3013,0.0
39-1013,0.0
39-1014,0.0443
39-1022,0.0407
39-2011,0.0
39-2021,0.0
39-3011,0.0
39-3012,0.0
39-3021,0.0
39-3031,0.0
39-3091,0.0619
39-3092,0.0
39-3093,0.0
39-4011,0.0
39-4021,0.0
39-4031,0.0
39-5011,0.0
39-5012,0.0304
39-5091,0.0
39-5092,0.0
39-5093,0.0
39-5094,0.0
39-6011,0.073
39-6012,0.1875
39-9011,0.0122
39-9031,0.0
39-9032,0.0
39-9041,0.067
41-1011,0.2627
41-1012,0.2295
41-2011,0.0846
41-2012,0.0
41-2021,0.2048
41-2022,0.0
41-2031,0.3222
41-3011,0.1482
41-3021,0.3188
41-3031,0.4413
41-3041,0.4054
41-4011,0.2706
41-4012,0.6279
41-9011,0.0788
41-9012,0.0
41-9021,0.2609
41-9022,0.2828
41-9031,0.3224
41-9041,0.2852
41-9091,0.1758
43-1011,0.1856
43-2011,0.3863
43-2021,0.0
43-3011,0.2989
43-3021,0.1924
43-3031,0.3104
43-3041,0.0653
43-3051,0.0487
43-3061,0.2436
43-3071,0.0231
43-4011,0.1744
43-4021,0.2786
43-4031,0.102
43-4041,0.1296
43-4051,0.7011
43-4061,0.0597
43-4071,0.1568
43-4081,0.1725
43-4111,0.3851
43-4121,0.0978
43-4131,0.2022
43-4141,0.0
43-4151,0.0748
43-4161,0.4046
43-4171,0.4338
43-4181,0.2467
43-5011,0.0165
43-5021,0.0412
43-5031,0.0465
43-5032,0.2258
43-5041,0.0
43-5051,0.0
43-5052,0.0
43-5053,0.0
43-5061,0.0934
43-5071,0.0
43-5111,0.0
43-6011,0.2336
43-6012,0.0
43-6013,0.3623
43-6014,0.4528
43-9021,0.6707
43-9022,0.2385
43-9031,0.464
43-9041,0.1467
43-9051,0.0
43-9061,0.4504
43-9071,0.0239
43-9081,0.1781
43-9111,0.5099
45-1011,0.0
45-2011,0.0
45-2021,0.0
45-2041,0.0
45-2091,0.0
45-2092,0.0203
45-2093,0.0
45-4011,0.0
45-4021,0.0
45-4022,0.0
45-4023,0.0
47-1011,0.0296
47-2011,0.0
47-2021,0.0
47-2022,0.0
47-2031,0.0
47-2041,0.0
47-2042,0.0
47-2043,0.0
47-2044,0.0
47-2051,0.0
47-2053,0.0
47-2061,0.0281
47-2071,0.0
47-2072,0.0
47-2073,0.0
47-2081,0.0
47-2082,0.0
47-2111,0.0
47-2121,0.0
47-2131,0.0
47-2132,0.0439
47-2141,0.0
47-2142,0.0
47-2151,0.0
47-2152,0.0116
47-2161,0.0
47-2171,0.0
47-2181,0.0157
47-2211,0.0
47-2221,0.0491
47-2231,0.0
47-3011,0.0
47-3012,0.0
47-3013,0.0
47-3014,0.0
47-3015,0.0
47-3016,0.0
47-4011,0.0481
47-4021,0.0
47-4031,0.0
47-4041,0.0
47-4051,0.0
47-4061,0.0
47-4071,0.0
47-5011,0.0
47-5012,0.0
47-5013,0.0
47-5022,0.0
47-5023,0.0
47-5032,0.0
47-5041,0.0
47-5043,0.0
47-5044,0.0
47-5051,0.0
47-5071,0.0
47-5081,0.0
49-1011,0.1015
49-2011,0.1067
49-2021,0.0
49-2022,0.0333
49-2091,0.0
49-2092,0.0
49-2093,0.0
49-2094,0.0
49-2095,0.0
49-2096,0.0
49-2097,0.0
49-2098,0.0303
49-3011,0.0
49-3021,0.0
49-3022,0.0
49-3023,0.0
49-3031,0.0
49-3041,0.0
49-3042,0.0
49-3043,0.0
49-3051,0.0
49-3052,0.0
49-3053,0.0
49-3091,0.0
49-3092,0.0
49-3093,0.0
49-9011,0.0
49-9012,0.0
49-9021,0.0191
49-9031,0.0
49-9041,0.0239
49-9043,0.0
49-9044,0.0
49-9045,0.0
49-9051,0.0
49-9052,0.0
49-9061,0.0412
49-9062,0.0
49-9063,0.0
49-9064,0.0
49-9071,0.0
49-9081,0.0
49-9091,0.0
49-9092,0.0
49-9094,0.0
49-9095,0.0
49-9096,0.0
49-9097,0.0
49-9098,0.0
49-9099,0.0
51-1011,0.0
51-2011,0.0494
51-2021,0.0
51-2031,0.0
51-2041,0.0
51-2051,0.0
51-2061,0.0392
51-3011,0.0
51-3021,0.0
51-3022,0.0
51-3023,0.0
51-3091,0.0
51-3092,0.0
51-3093,0.0
51-4021,0.0
51-4022,0.0
51-4023,0.0
51-4031,0.0
51-4032,0.0
51-4033,0.0
51-4034,0.0
51-4035,0.0
51-4041,0.0
51-4051,0.0
51-4052,0.0
51-4061,0.0
51-4062,0.0
51-4071,0.0
51-4072,0.0
51-4081,0.0
51-4111,0.0
51-4121,0.0
51-4122,0.0
51-4191,0.0
51-4192,0.0
51-4193,0.0
51-4194,0.0
51-5111,0.1018
51-5112,0.0
51-5113,0.0
51-6011,0.0
51-6021,0.0
51-6031,0.0
51-6041,0.0
51-6042,0.0
51-6051,0.0
51-6052,0.0342
51-6061,0.0211
51-6062,0.0152
51-6063,0.032
51-6064,0.0
51-6091,0.0
51-6092,0.0
51-6093,0.0
51-7011,0.0
51-7021,0.0
51-7031,0.0
51-7032,0.0301
51-7041,0.0
51-7042,0.0
51-8011,0.0
51-8012,0.0
51-8013,0.0257
51-8021,0.0
51-8031,0.0
51-8091,0.0
51-8092,0.0723
51-8093,0.0405
51-8099,0.0
51-9011,0.0
51-9012,0.0
51-9021,0.0425
51-9022,0.0
51-9023,0.0
51-9031,0.0
51-9032,0.0321
51-9041,0.0
51-9051,0.0
51-9061,0.0324
51-9071,0.0
51-9081,0.0
51-9082,0.0
51-9083,0.0
51-9111,0.0
51-9123,0.0
51-9124,0.0
51-9141,0.0
51-9151,0.0108
51-9161,0.0215
51-9162,0.1207
51-9191,0.0
51-9192,0.0
51-9193,0.0
51-9194,0.0
51-9195,0.0
51-9196,0.0
51-9197,0.0
51-9198,0.0393
53-1041,0.0
53-2011,0.0
53-2012,0.0
53-2021,0.0
53-2022,0.0476
53-2031,0.0913
53-3011,0.0
53-3031,0.0281
53-3032,0.0
53-3033,0.0
53-3051,0.0
53-3052,0.0
53-3053,0.0
53-3054,0.0
53-4011,0.0
53-4013,0.0
53-4022,0.0
53-4031,0.0
53-4041,0.0
53-5011,0.0
53-5021,0.0
53-5022,0.0
53-5031,0.0
53-6011,0.0
53-6021,0.0
53-6031,0.0
53-6041,0.0
53-6051,0.0
53-6061,0.1169
53-7011,0.0
53-7021,0.0
53-7031,0.0
53-7041,0.0
53-7051,0.0
53-7061,0.0
53-7062,0.0
53-7063,0.0
53-7064,0.0
53-7065,0.0
53-7071,0.0
53-7072,0.0
53-7073,0.0
53-7081,0.0
53-7121,0.0
