SOCcode,JobName,JobFamily,isBright,isGreen,JobZone,MedianSalary,JobForecast,ChanceAuto,WageGroup
13-2011.01,Accountants,Business and Financial Operations,True,False,4,70500.0,146000,-1.0,Accountants and Auditors
13-2011.00,Accountants and Auditors,Business and Financial Operations,True,False,-1,70500.0,146000,94.0,
27-2011.00,Actors,"Arts, Design, Entertainment, Sports, and Media",False,False,2,17.54,7700,37.0,
15-2011.00,Actuaries,Computer and Mathematical,True,False,4,102880.0,2200,21.0,
29-1199.01,Acupuncturists,Healthcare Practitioners and Technical,True,False,5,73960.0,3400,-1.0,"Health Diagnosing and Treating Practitioners, All Other"
29-1141.01,Acute Care Nurses,Healthcare Practitioners and Technical,True,False,3,71730.0,210400,-1.0,Registered Nurses
25-2059.01,Adapted Physical Education Specialists,"Education, Training, and Library",True,False,4,56680.0,3200,-1.0,"Special Education Teachers, All Other"
51-9191.00,Adhesive Bonding Machine Operators and Tenders,Production,False,False,2,33820.0,2100,95.0,
23-1021.00,"Administrative Law Judges, Adjudicators, and Hearing Officers",Legal,False,False,5,99850.0,800,64.0,
11-3011.00,Administrative Services Managers,Management,True,False,3,96180.0,28100,73.0,
25-3011.00,Adult Basic and Secondary Education and Literacy Teachers and Instructors,"Education, Training, and Library",False,False,4,53630.0,6600,19.0,
29-1141.02,Advanced Practice Psychiatric Nurses,Healthcare Practitioners and Technical,True,False,5,71730.0,210400,-1.0,Registered Nurses
11-2011.00,Advertising and Promotions Managers,Management,False,False,4,117130.0,2700,4.0,
41-3011.00,Advertising Sales Agents,Sales and Related,False,False,4,51740.0,19500,54.0,
17-3021.00,Aerospace Engineering and Operations Technicians,Architecture and Engineering,False,False,3,67010.0,1100,48.0,
17-2011.00,Aerospace Engineers,Architecture and Engineering,False,True,4,115220.0,4500,1.7,
13-1011.00,"Agents and Business Managers of Artists, Performers, and Athletes",Business and Financial Operations,True,False,4,66040.0,2600,24.0,
19-4011.00,Agricultural and Food Science Technicians,"Life, Physical, and Social Science",False,False,-1,40860.0,3800,97.0,
17-2021.00,Agricultural Engineers,Architecture and Engineering,False,False,4,77110.0,200,49.0,
45-2091.00,Agricultural Equipment Operators,"Farming, Fishing, and Forestry",True,False,1,31190.0,12100,-1.0,
45-2011.00,Agricultural Inspectors,"Farming, Fishing, and Forestry",False,True,2,44140.0,2700,94.0,
25-1041.00,"Agricultural Sciences Teachers, Postsecondary","Education, Training, and Library",False,False,5,84640.0,1200,-1.0,
19-4011.01,Agricultural Technicians,"Life, Physical, and Social Science",False,True,3,40860.0,3800,-1.0,Agricultural and Food Science Technicians
45-2099.00,"Agricultural Workers, All Other","Farming, Fishing, and Forestry",False,False,-1,29480.0,2100,-1.0,
53-2021.00,Air Traffic Controllers,Transportation and Material Moving,False,False,3,124540.0,2300,11.0,
53-1011.00,Aircraft Cargo Handling Supervisors,Transportation and Material Moving,False,False,2,48610.0,1000,7.0,
49-3011.00,Aircraft Mechanics and Service Technicians,"Installation, Maintenance, and Repair",False,False,3,62920.0,11800,71.0,
51-2011.00,"Aircraft Structure, Surfaces, Rigging, and Systems Assemblers",Production,False,True,2,53340.0,2500,79.0,
53-2022.00,Airfield Operations Specialists,Transportation and Material Moving,True,False,3,52200.0,1100,71.0,
53-2011.00,"Airline Pilots, Copilots, and Flight Engineers",Transportation and Material Moving,False,False,4,140340.0,9100,18.0,
29-1069.01,Allergists and Immunologists,Healthcare Practitioners and Technical,True,False,5,200890.0,16500,-1.0,"Physicians and Surgeons, All Other"
53-3011.00,"Ambulance Drivers and Attendants, Except Emergency Medical Technicians",Transportation and Material Moving,True,False,2,25750.0,2700,25.0,
39-3091.00,Amusement and Recreation Attendants,Personal Care and Service,True,False,1,22260.0,83500,72.0,
29-1071.01,Anesthesiologist Assistants,Healthcare Practitioners and Technical,True,False,5,108610.0,11500,-1.0,Physician Assistants
29-1061.00,Anesthesiologists,Healthcare Practitioners and Technical,False,False,5,208000.0,1200,-1.0,
45-2021.00,Animal Breeders,"Farming, Fishing, and Forestry",False,False,2,37060.0,1500,95.0,
33-9011.00,Animal Control Workers,Protective Service,False,False,2,36330.0,1300,21.0,
19-1011.00,Animal Scientists,"Life, Physical, and Social Science",True,False,5,58380.0,300,6.0,
39-2011.00,Animal Trainers,Personal Care and Service,True,False,2,29290.0,7600,10.0,
19-3091.01,Anthropologists,"Life, Physical, and Social Science",True,False,5,62410.0,800,-1.0,Anthropologists and Archeologists
19-3091.00,Anthropologists and Archeologists,"Life, Physical, and Social Science",True,False,-1,62410.0,800,0.8,
25-1061.00,"Anthropology and Archeology Teachers, Postsecondary","Education, Training, and Library",True,False,5,83940.0,700,-1.0,
13-2021.00,Appraisers and Assessors of Real Estate,Business and Financial Operations,True,False,-1,54980.0,6700,90.0,
13-2021.02,"Appraisers, Real Estate",Business and Financial Operations,True,False,4,54980.0,6700,-1.0,Appraisers and Assessors of Real Estate
11-9013.03,Aquacultural Managers,Management,False,False,4,67950.0,95600,-1.0,"Farmers, Ranchers, and Other Agricultural Managers"
23-1022.00,"Arbitrators, Mediators, and Conciliators",Legal,True,True,5,62270.0,400,6.0,
19-3091.02,Archeologists,"Life, Physical, and Social Science",True,False,5,62410.0,800,-1.0,Anthropologists and Archeologists
17-1011.00,"Architects, Except Landscape and Naval",Architecture and Engineering,True,True,4,79380.0,11800,1.8,
17-3011.00,Architectural and Civil Drafters,Architecture and Engineering,False,False,-1,54920.0,10700,52.0,
11-9041.00,Architectural and Engineering Managers,Management,False,True,5,140760.0,14600,1.7,
17-3011.01,Architectural Drafters,Architecture and Engineering,False,True,4,54920.0,10700,-1.0,Architectural and Civil Drafters
25-1031.00,"Architecture Teachers, Postsecondary","Education, Training, and Library",True,False,5,86980.0,800,-1.0,
25-4011.00,Archivists,"Education, Training, and Library",True,False,5,52240.0,1000,76.0,
25-1062.00,"Area, Ethnic, and Cultural Studies Teachers, Postsecondary","Education, Training, and Library",True,False,5,74440.0,1200,-1.0,
27-1011.00,Art Directors,"Arts, Design, Entertainment, Sports, and Media",False,False,4,92780.0,11100,2.0,
29-1125.01,Art Therapists,Healthcare Practitioners and Technical,True,False,5,47860.0,1100,-1.0,Recreational Therapists
25-1121.00,"Art, Drama, and Music Teachers, Postsecondary","Education, Training, and Library",True,False,5,69960.0,11100,-1.0,
27-1019.00,"Artists and Related Workers, All Other","Arts, Design, Entertainment, Sports, and Media",False,False,-1,65390.0,1300,-1.0,
51-2099.00,"Assemblers and Fabricators, All Other",Production,False,False,-1,31590.0,137600,-1.0,Miscellaneous Assemblers and Fabricators
13-2021.01,Assessors,Business and Financial Operations,True,False,3,54980.0,6700,-1.0,Appraisers and Assessors of Real Estate
19-2011.00,Astronomers,"Life, Physical, and Social Science",False,False,5,105680.0,200,4.0,
27-2021.00,Athletes and Sports Competitors,"Arts, Design, Entertainment, Sports, and Media",False,False,2,50650.0,2100,28.0,
29-9091.00,Athletic Trainers,Healthcare Practitioners and Technical,True,False,5,47510.0,2500,0.7,
19-2021.00,Atmospheric and Space Scientists,"Life, Physical, and Social Science",True,True,4,94110.0,1100,67.0,
25-1051.00,"Atmospheric, Earth, Marine, and Space Sciences Teachers, Postsecondary","Education, Training, and Library",False,False,5,90860.0,1200,-1.0,
27-4011.00,Audio and Video Equipment Technicians,"Arts, Design, Entertainment, Sports, and Media",True,False,3,43770.0,11600,55.0,
25-9011.00,Audio-Visual and Multimedia Collections Specialists,"Education, Training, and Library",False,False,4,49600.0,1000,39.0,
29-1181.00,Audiologists,Healthcare Practitioners and Technical,True,False,5,75920.0,800,0.3,
13-2011.02,Auditors,Business and Financial Operations,True,False,4,70500.0,146000,-1.0,Accountants and Auditors
53-6031.00,Automotive and Watercraft Service Attendants,Transportation and Material Moving,False,False,2,24200.0,18000,83.0,
49-3021.00,Automotive Body and Related Repairers,"Installation, Maintenance, and Repair",False,False,2,42730.0,16000,91.0,
17-3027.01,Automotive Engineering Technicians,Architecture and Engineering,False,True,3,56250.0,4300,-1.0,Mechanical Engineering Technicians
17-2141.02,Automotive Engineers,Architecture and Engineering,False,True,4,87370.0,22900,-1.0,Mechanical Engineers
49-3022.00,Automotive Glass Installers and Repairers,"Installation, Maintenance, and Repair",False,False,2,34170.0,2100,55.0,
49-3023.01,Automotive Master Mechanics,"Installation, Maintenance, and Repair",False,False,3,40710.0,74000,-1.0,Automotive Service Technicians and Mechanics
49-3023.00,Automotive Service Technicians and Mechanics,"Installation, Maintenance, and Repair",False,False,-1,40710.0,74000,59.0,
49-3023.02,Automotive Specialty Technicians,"Installation, Maintenance, and Repair",False,True,3,40710.0,74000,-1.0,Automotive Service Technicians and Mechanics
53-6051.01,Aviation Inspectors,Transportation and Material Moving,False,False,3,73780.0,3300,-1.0,Transportation Inspectors
49-2091.00,Avionics Technicians,"Installation, Maintenance, and Repair",False,False,3,64140.0,1500,70.0,
39-6011.00,Baggage Porters and Bellhops,Personal Care and Service,False,False,2,24210.0,6600,83.0,
33-3011.00,Bailiffs,Protective Service,False,False,2,45760.0,1700,36.0,
51-3011.00,Bakers,Production,False,False,2,26520.0,28100,89.0,
39-5011.00,Barbers,Personal Care and Service,True,False,3,27960.0,10100,80.0,
35-3022.01,Baristas,Food Preparation and Serving Related,True,False,1,22330.0,107600,-1.0,"Counter Attendants, Cafeteria, Food Concession, and Coffee Shop"
35-3011.00,Bartenders,Food Preparation and Serving Related,True,False,2,22550.0,123100,77.0,
49-3091.00,Bicycle Repairers,"Installation, Maintenance, and Repair",True,False,2,28960.0,1500,94.0,
43-3011.00,Bill and Account Collectors,Office and Administrative Support,False,False,2,36020.0,27700,95.0,
43-3021.00,Billing and Posting Clerks,Office and Administrative Support,True,False,-1,37800.0,60500,96.0,
43-3021.02,"Billing, Cost, and Rate Clerks",Office and Administrative Support,True,False,2,37800.0,60500,-1.0,Billing and Posting Clerks
17-2199.01,Biochemical Engineers,Architecture and Engineering,False,True,4,96980.0,11700,-1.0,"Engineers, All Other"
19-1021.00,Biochemists and Biophysicists,"Life, Physical, and Social Science",False,False,5,93280.0,3100,3.0,
51-8099.01,Biofuels Processing Technicians,Production,False,True,2,57100.0,1400,-1.0,"Plant and System Operators, All Other"
11-3051.03,Biofuels Production Managers,Management,False,True,4,103380.0,13800,-1.0,Industrial Production Managers
11-9041.01,Biofuels/Biodiesel Technology and Product Development Managers,Management,False,True,4,140760.0,14600,-1.0,Architectural and Engineering Managers
19-1029.01,Bioinformatics Scientists,"Life, Physical, and Social Science",False,False,5,79590.0,4700,-1.0,"Biological Scientists, All Other"
43-9111.01,Bioinformatics Technicians,Office and Administrative Support,True,False,4,48330.0,1800,-1.0,Statistical Assistants
25-1042.00,"Biological Science Teachers, Postsecondary","Education, Training, and Library",True,False,5,82550.0,6400,-1.0,
19-1029.00,"Biological Scientists, All Other","Life, Physical, and Social Science",False,False,-1,79590.0,4700,1.5,
19-4021.00,Biological Technicians,"Life, Physical, and Social Science",True,False,4,44500.0,9800,30.0,
19-1020.01,Biologists,"Life, Physical, and Social Science",False,False,5,77550.0,11800,-1.0,Biological Scientists
51-8099.03,Biomass Plant Technicians,Production,False,True,2,57100.0,1400,-1.0,"Plant and System Operators, All Other"
11-3051.04,Biomass Power Plant Managers,Management,False,True,4,103380.0,13800,-1.0,Industrial Production Managers
17-2031.00,Biomedical Engineers,Architecture and Engineering,False,False,4,88550.0,1500,4.0,
15-2041.01,Biostatisticians,Computer and Mathematical,True,False,5,87780.0,5300,-1.0,Statisticians
47-2011.00,Boilermakers,Construction and Extraction,False,True,3,62150.0,1600,68.0,
43-3031.00,"Bookkeeping, Accounting, and Auditing Clerks",Office and Administrative Support,True,False,3,40240.0,188500,98.0,
47-2021.00,Brickmasons and Blockmasons,Construction and Extraction,True,False,2,50950.0,10000,82.0,
53-6011.00,Bridge and Lock Tenders,Transportation and Material Moving,False,False,1,50320.0,400,97.0,
27-3021.00,Broadcast News Analysts,"Arts, Design, Entertainment, Sports, and Media",False,False,4,66880.0,900,7.0,
27-4012.00,Broadcast Technicians,"Arts, Design, Entertainment, Sports, and Media",False,False,3,40080.0,3800,74.0,
43-4011.00,Brokerage Clerks,Office and Administrative Support,False,False,3,51400.0,6200,98.0,
11-9199.11,Brownfield Redevelopment Specialists and Site Managers,Management,False,True,4,107480.0,91300,-1.0,"Managers, All Other"
13-2031.00,Budget Analysts,Business and Financial Operations,False,False,4,76220.0,4800,94.0,
37-2019.00,"Building Cleaning Workers, All Other",Building and Grounds Cleaning and Maintenance,True,False,-1,29260.0,2200,-1.0,
49-3031.00,Bus and Truck Mechanics and Diesel Engine Specialists,"Installation, Maintenance, and Repair",False,True,3,47350.0,28400,73.0,
53-3022.00,"Bus Drivers, School or Special Client",Transportation and Material Moving,False,False,2,32420.0,66300,89.0,
53-3021.00,"Bus Drivers, Transit and Intercity",Transportation and Material Moving,False,True,2,42080.0,25000,67.0,
13-1199.04,Business Continuity Planners,Business and Financial Operations,True,False,4,70530.0,119600,-1.0,"Business Operations Specialists, All Other"
15-1199.08,Business Intelligence Analysts,Computer and Mathematical,True,False,4,90270.0,35700,-1.0,"Computer Occupations, All Other"
13-1199.00,"Business Operations Specialists, All Other",Business and Financial Operations,True,False,-1,70530.0,119600,23.0,
25-1011.00,"Business Teachers, Postsecondary","Education, Training, and Library",True,False,5,83960.0,11200,-1.0,
51-3021.00,Butchers and Meat Cutters,Production,False,False,2,31580.0,17400,93.0,
13-1021.00,"Buyers and Purchasing Agents, Farm Products",Business and Financial Operations,False,True,4,62750.0,40200,87.0,Buyers and Purchasing Agents
51-7011.00,Cabinetmakers and Bench Carpenters,Production,False,False,2,34740.0,12000,92.0,
49-9061.00,Camera and Photographic Equipment Repairers,"Installation, Maintenance, and Repair",False,False,3,40620.0,400,97.0,
27-4031.00,"Camera Operators, Television, Video, and Motion Picture","Arts, Design, Entertainment, Sports, and Media",True,False,3,54570.0,3200,60.0,
53-5021.00,"Captains, Mates, and Pilots of Water Vessels",Transportation and Material Moving,False,False,-1,69180.0,3600,27.0,
29-2031.00,Cardiovascular Technologists and Technicians,Healthcare Practitioners and Technical,True,False,3,56850.0,3700,23.0,
25-2023.00,"Career/Technical Education Teachers, Middle School","Education, Training, and Library",False,False,4,59230.0,900,26.0,
25-2032.00,"Career/Technical Education Teachers, Secondary School","Education, Training, and Library",False,False,4,60250.0,5600,0.9,
43-5011.00,Cargo and Freight Agents,Office and Administrative Support,True,False,2,43210.0,10100,99.0,
47-2031.00,Carpenters,Construction and Extraction,True,False,-1,46590.0,116300,72.0,
47-2041.00,Carpet Installers,Construction and Extraction,False,False,2,39340.0,3500,87.0,
17-1021.00,Cartographers and Photogrammetrists,Architecture and Engineering,True,False,4,64430.0,1100,88.0,
41-2011.00,Cashiers,Sales and Related,True,False,2,22430.0,661300,97.0,
47-2051.00,Cement Masons and Concrete Finishers,Construction and Extraction,True,True,1,43000.0,23300,94.0,
35-1011.00,Chefs and Head Cooks,Food Preparation and Serving Related,True,False,3,48460.0,20700,10.0,
17-2041.00,Chemical Engineers,Architecture and Engineering,False,True,4,104910.0,2400,1.7,
51-9011.00,Chemical Equipment Operators and Tenders,Production,False,True,2,48770.0,9000,76.0,
51-8091.00,Chemical Plant and System Operators,Production,False,True,2,62060.0,2800,85.0,
19-4031.00,Chemical Technicians,"Life, Physical, and Social Science",False,True,3,48160.0,7200,57.0,
25-1052.00,"Chemistry Teachers, Postsecondary","Education, Training, and Library",False,False,5,79550.0,2400,-1.0,
19-2031.00,Chemists,"Life, Physical, and Social Science",False,True,4,76890.0,8400,10.0,
11-1011.00,Chief Executives,Management,False,False,5,189600.0,16800,1.5,
11-1011.03,Chief Sustainability Officers,Management,False,True,5,189600.0,16800,-1.0,Chief Executives
21-1021.00,"Child, Family, and School Social Workers",Community and Social Service,True,False,4,46270.0,36900,3.0,
39-9011.00,Childcare Workers,Personal Care and Service,True,False,2,23240.0,177900,8.0,
29-1011.00,Chiropractors,Healthcare Practitioners and Technical,True,False,5,71410.0,1800,3.0,
27-2032.00,Choreographers,"Arts, Design, Entertainment, Sports, and Media",False,False,4,47800.0,1200,0.4,
19-4061.01,City and Regional Planning Aides,"Life, Physical, and Social Science",True,False,4,46640.0,5300,-1.0,Social Science Research Assistants
17-3011.02,Civil Drafters,Architecture and Engineering,False,False,3,54920.0,10700,-1.0,Architectural and Civil Drafters
17-3022.00,Civil Engineering Technicians,Architecture and Engineering,False,False,3,52580.0,7700,75.0,
17-2051.00,Civil Engineers,Architecture and Engineering,False,True,4,86640.0,28300,1.9,
13-1031.00,"Claims Adjusters, Examiners, and Investigators",Business and Financial Operations,False,False,-1,65900.0,25800,98.0,
13-1031.01,"Claims Examiners, Property and Casualty Insurance",Business and Financial Operations,False,False,4,65900.0,25800,-1.0,"Claims Adjusters, Examiners, and Investigators"
53-7061.00,Cleaners of Vehicles and Equipment,Transportation and Material Moving,False,False,2,24530.0,63700,37.0,
51-9192.00,"Cleaning, Washing, and Metal Pickling Equipment Operators and Tenders",Production,False,False,2,30790.0,2800,-1.0,
21-2011.00,Clergy,Community and Social Service,False,False,5,48990.0,27500,0.8,
19-2041.01,Climate Change Analysts,"Life, Physical, and Social Science",True,True,5,71130.0,10300,-1.0,"Environmental Scientists and Specialists, Including Health"
15-2041.02,Clinical Data Managers,Computer and Mathematical,True,False,4,87780.0,5300,-1.0,Statisticians
29-1141.04,Clinical Nurse Specialists,Healthcare Practitioners and Technical,True,False,5,71730.0,210400,-1.0,Registered Nurses
19-3031.02,Clinical Psychologists,"Life, Physical, and Social Science",True,False,5,76990.0,14600,-1.0,"Clinical, Counseling, and School Psychologists"
11-9121.01,Clinical Research Coordinators,Management,False,False,4,123860.0,6100,-1.0,Natural Sciences Managers
19-3031.00,"Clinical, Counseling, and School Psychologists","Life, Physical, and Social Science",True,False,-1,76990.0,14600,0.5,
27-2022.00,Coaches and Scouts,"Arts, Design, Entertainment, Sports, and Media",True,False,4,33780.0,47600,1.3,
51-9121.00,"Coating, Painting, and Spraying Machine Setters, Operators, and Tenders",Production,False,False,2,34800.0,10000,-1.0,
51-2021.00,"Coil Winders, Tapers, and Finishers",Production,False,False,2,34400.0,1000,73.0,
49-9091.00,"Coin, Vending, and Amusement Machine Servicers and Repairers","Installation, Maintenance, and Repair",False,False,2,34560.0,4300,94.0,
35-3021.00,"Combined Food Preparation and Serving Workers, Including Fast Food",Food Preparation and Serving Related,True,False,1,21250.0,780600,92.0,
27-1021.00,Commercial and Industrial Designers,"Arts, Design, Entertainment, Sports, and Media",False,True,4,66590.0,4600,4.0,
49-9092.00,Commercial Divers,"Installation, Maintenance, and Repair",True,False,3,49140.0,500,18.0,
53-2012.00,Commercial Pilots,Transportation and Material Moving,True,False,3,82240.0,4600,55.0,
43-2099.00,"Communications Equipment Operators, All Other",Office and Administrative Support,True,False,-1,41050.0,300,-1.0,
25-1122.00,"Communications Teachers, Postsecondary","Education, Training, and Library",False,False,5,68910.0,3200,-1.0,
21-1099.00,"Community and Social Service Specialists, All Other",Community and Social Service,True,False,-1,42620.0,13300,-1.0,
21-1094.00,Community Health Workers,Community and Social Service,True,False,4,39540.0,8200,-1.0,
11-3111.00,Compensation and Benefits Managers,Management,False,False,4,121010.0,1400,96.0,
13-1141.00,"Compensation, Benefits, and Job Analysis Specialists",Business and Financial Operations,False,False,4,63000.0,9200,47.0,
11-9199.02,Compliance Managers,Management,False,True,4,107480.0,91300,-1.0,"Managers, All Other"
13-1041.00,Compliance Officers,Business and Financial Operations,False,False,-1,68860.0,30700,8.0,
15-1111.00,Computer and Information Research Scientists,Computer and Mathematical,True,False,5,118370.0,3200,1.5,
11-3021.00,Computer and Information Systems Managers,Management,True,False,4,142530.0,38800,4.0,
17-2061.00,Computer Hardware Engineers,Architecture and Engineering,False,False,4,114600.0,5200,22.0,
15-1143.00,Computer Network Architects,Computer and Mathematical,False,False,4,109020.0,12200,21.0,
15-1152.00,Computer Network Support Specialists,Computer and Mathematical,False,False,4,62770.0,17400,-1.0,
51-4012.00,"Computer Numerically Controlled Machine Tool Programmers, Metal and Plastic",Production,True,False,3,53190.0,3200,-1.0,
15-1199.00,"Computer Occupations, All Other",Computer and Mathematical,True,False,-1,90270.0,35700,22.0,
43-9011.00,Computer Operators,Office and Administrative Support,False,False,3,45840.0,3100,78.0,
15-1131.00,Computer Programmers,Computer and Mathematical,False,False,4,84280.0,15100,48.0,
25-1021.00,"Computer Science Teachers, Postsecondary","Education, Training, and Library",False,False,5,82220.0,3600,-1.0,
15-1121.00,Computer Systems Analysts,Computer and Mathematical,True,False,4,88740.0,53400,0.7,
15-1199.02,Computer Systems Engineers/Architects,Computer and Mathematical,True,False,4,90270.0,35700,-1.0,"Computer Occupations, All Other"
15-1151.00,Computer User Support Specialists,Computer and Mathematical,True,False,3,50980.0,65100,-1.0,
49-2011.00,"Computer, Automated Teller, and Office Machine Repairers","Installation, Maintenance, and Repair",False,False,3,38480.0,11900,74.0,
51-4011.00,"Computer-Controlled Machine Tool Operators, Metal and Plastic",Production,False,True,3,40070.0,13600,86.0,
39-6012.00,Concierges,Personal Care and Service,False,False,3,30400.0,5800,21.0,
19-1031.00,Conservation Scientists,"Life, Physical, and Social Science",False,False,-1,61310.0,2600,1.6,
47-4011.00,Construction and Building Inspectors,Construction and Extraction,True,True,3,59700.0,15800,63.0,
47-4099.00,"Construction and Related Workers, All Other",Construction and Extraction,True,False,-1,38860.0,4900,71.0,Miscellaneous Construction and Related Workers
47-2031.01,Construction Carpenters,Construction and Extraction,True,True,2,46590.0,116300,-1.0,Carpenters
47-2061.00,Construction Laborers,Construction and Extraction,True,True,2,35800.0,179300,88.0,
11-9021.00,Construction Managers,Management,True,True,4,93370.0,40200,7.0,
47-5041.00,Continuous Mining Machine Operators,Construction and Extraction,False,True,2,54520.0,1900,54.0,
49-9012.00,"Control and Valve Installers and Repairers, Except Mechanical Door","Installation, Maintenance, and Repair",False,False,3,56070.0,4600,63.0,
53-7011.00,Conveyor Operators and Tenders,Transportation and Material Moving,False,False,1,32980.0,2700,93.0,
35-2019.00,"Cooks, All Other",Food Preparation and Serving Related,False,False,-1,28650.0,3500,-1.0,
35-2011.00,"Cooks, Fast Food",Food Preparation and Serving Related,False,False,1,22330.0,63000,81.0,
35-2012.00,"Cooks, Institution and Cafeteria",Food Preparation and Serving Related,False,False,2,26860.0,62500,83.0,
35-2013.00,"Cooks, Private Household",Food Preparation and Serving Related,False,False,3,37590.0,5700,30.0,
35-2014.00,"Cooks, Restaurant",Food Preparation and Serving Related,True,False,2,26530.0,243800,96.0,
35-2015.00,"Cooks, Short Order",Food Preparation and Serving Related,False,False,2,23800.0,22200,94.0,
51-9193.00,Cooling and Freezing Equipment Operators and Tenders,Production,False,False,2,32410.0,1100,93.0,
27-3043.04,Copy Writers,"Arts, Design, Entertainment, Sports, and Media",False,False,4,62170.0,12800,-1.0,Writers and Authors
13-1041.06,Coroners,Business and Financial Operations,False,False,3,68860.0,30700,-1.0,Compliance Officers
33-3012.00,Correctional Officers and Jailers,Protective Service,False,False,2,44330.0,33800,60.0,
43-4021.00,Correspondence Clerks,Office and Administrative Support,False,False,2,37290.0,700,86.0,
13-1051.00,Cost Estimators,Business and Financial Operations,True,False,4,64040.0,24200,57.0,
39-3092.00,Costume Attendants,Personal Care and Service,False,False,2,41190.0,1600,61.0,
19-3031.03,Counseling Psychologists,"Life, Physical, and Social Science",True,False,5,76990.0,14600,-1.0,"Clinical, Counseling, and School Psychologists"
21-1019.00,"Counselors, All Other",Community and Social Service,True,False,-1,42130.0,3500,-1.0,
41-2021.00,Counter and Rental Clerks,Sales and Related,False,False,2,27290.0,58700,97.0,
35-3022.00,"Counter Attendants, Cafeteria, Food Concession, and Coffee Shop",Food Preparation and Serving Related,True,False,1,22330.0,107600,96.0,
43-5021.00,Couriers and Messengers,Office and Administrative Support,False,False,2,28720.0,10100,94.0,
43-4031.01,Court Clerks,Office and Administrative Support,False,False,2,38450.0,14900,-1.0,"Court, Municipal, and License Clerks"
23-2091.00,Court Reporters,Legal,True,False,3,57150.0,1600,50.0,
43-4031.00,"Court, Municipal, and License Clerks",Office and Administrative Support,False,False,-1,38450.0,14900,46.0,
27-1012.00,Craft Artists,"Arts, Design, Entertainment, Sports, and Media",False,False,3,34240.0,1100,4.0,
53-7021.00,Crane and Tower Operators,Transportation and Material Moving,False,False,3,54140.0,5800,90.0,
13-2041.00,Credit Analysts,Business and Financial Operations,False,False,4,71520.0,7400,98.0,
43-4041.01,Credit Authorizers,Office and Administrative Support,False,False,3,38750.0,2800,-1.0,"Credit Authorizers, Checkers, and Clerks"
43-4041.00,"Credit Authorizers, Checkers, and Clerks",Office and Administrative Support,False,False,-1,38750.0,2800,97.0,
43-4041.02,Credit Checkers,Office and Administrative Support,False,False,2,38750.0,2800,-1.0,"Credit Authorizers, Checkers, and Clerks"
13-2071.00,Credit Counselors,Business and Financial Operations,True,False,4,45180.0,3800,4.0,
33-3021.03,Criminal Investigators and Special Agents,Protective Service,False,False,3,81920.0,7500,-1.0,Detectives and Criminal Investigators
25-1111.00,"Criminal Justice and Law Enforcement Teachers, Postsecondary","Education, Training, and Library",True,False,5,61900.0,1700,-1.0,
29-1141.03,Critical Care Nurses,Healthcare Practitioners and Technical,True,False,3,71730.0,210400,-1.0,Registered Nurses
33-9091.00,Crossing Guards,Protective Service,False,False,2,28960.0,14200,49.0,
51-9021.00,"Crushing, Grinding, and Polishing Machine Setters, Operators, and Tenders",Production,False,False,2,36400.0,3500,-1.0,
25-4012.00,Curators,"Education, Training, and Library",True,False,5,53780.0,1700,0.7,
43-4051.00,Customer Service Representatives,Office and Administrative Support,True,True,2,33750.0,387600,55.0,
13-1199.03,Customs Brokers,Business and Financial Operations,True,False,3,70530.0,119600,-1.0,"Business Operations Specialists, All Other"
51-9031.00,"Cutters and Trimmers, Hand",Production,False,False,1,29390.0,800,64.0,
51-9032.00,"Cutting and Slicing Machine Setters, Operators, and Tenders",Production,False,False,2,34620.0,7300,86.0,
51-4031.00,"Cutting, Punching, and Press Machine Setters, Operators, and Tenders, Metal and Plastic",Production,False,True,2,34460.0,18600,78.0,
29-2011.01,Cytogenetic Technologists,Healthcare Practitioners and Technical,True,False,4,52330.0,25500,-1.0,Clinical Laboratory Technologists and Technicians
29-2011.02,Cytotechnologists,Healthcare Practitioners and Technical,True,False,5,52330.0,25500,-1.0,Clinical Laboratory Technologists and Technicians
27-2031.00,Dancers,"Arts, Design, Entertainment, Sports, and Media",False,False,3,16.31,2400,13.0,
43-9021.00,Data Entry Keyers,Office and Administrative Support,False,False,2,32170.0,14800,99.0,
15-1199.07,Data Warehousing Specialists,Computer and Mathematical,True,False,4,90270.0,35700,-1.0,"Computer Occupations, All Other"
15-1141.00,Database Administrators,Computer and Mathematical,True,False,4,90070.0,9700,3.0,
15-1199.06,Database Architects,Computer and Mathematical,True,False,4,90270.0,35700,-1.0,"Computer Occupations, All Other"
41-9011.00,Demonstrators and Product Promoters,Sales and Related,False,False,2,28960.0,15800,51.0,
31-9091.00,Dental Assistants,Healthcare Support,True,False,3,38660.0,44800,51.0,
29-2021.00,Dental Hygienists,Healthcare Practitioners and Technical,True,False,3,74820.0,17900,68.0,
51-9081.00,Dental Laboratory Technicians,Production,True,False,2,40440.0,5100,97.0,
29-1029.00,"Dentists, All Other Specialists",Healthcare Practitioners and Technical,False,False,-1,146970.0,200,-1.0,
29-1021.00,"Dentists, General",Healthcare Practitioners and Technical,True,False,5,151850.0,5300,0.4,
29-1069.02,Dermatologists,Healthcare Practitioners and Technical,True,False,5,200890.0,16500,-1.0,"Physicians and Surgeons, All Other"
47-5011.00,"Derrick Operators, Oil and Gas",Construction and Extraction,True,False,1,46120.0,2100,80.0,
27-1029.00,"Designers, All Other","Arts, Design, Entertainment, Sports, and Media",False,False,-1,60570.0,1200,-1.0,
43-9031.00,Desktop Publishers,Office and Administrative Support,False,False,3,42910.0,1200,16.0,
33-3021.00,Detectives and Criminal Investigators,Protective Service,False,False,-1,81920.0,7500,34.0,
29-2032.00,Diagnostic Medical Sonographers,Healthcare Practitioners and Technical,True,False,3,72510.0,5800,35.0,
29-2051.00,Dietetic Technicians,Healthcare Practitioners and Technical,False,False,2,27140.0,3100,13.0,
29-1031.00,Dietitians and Nutritionists,Healthcare Practitioners and Technical,True,False,5,60370.0,5500,0.4,
35-9011.00,Dining Room and Cafeteria Attendants and Bartender Helpers,Food Preparation and Serving Related,True,False,1,22270.0,88000,91.0,
21-2021.00,"Directors, Religious Activities and Education",Community and Social Service,False,False,4,40810.0,20900,3.0,
27-2012.02,"Directors- Stage, Motion Pictures, Television, and Radio","Arts, Design, Entertainment, Sports, and Media",False,False,4,71680.0,16000,-1.0,Producers and Directors
35-9021.00,Dishwashers,Food Preparation and Serving Related,False,False,1,22730.0,85000,77.0,
43-5032.00,"Dispatchers, Except Police, Fire, and Ambulance",Office and Administrative Support,False,True,2,39470.0,19600,96.0,
11-9039.01,Distance Learning Coordinators,Management,True,False,5,82850.0,4200,-1.0,"Education Administrators, All Other"
15-1199.12,Document Management Specialists,Computer and Mathematical,True,False,4,90270.0,35700,-1.0,"Computer Occupations, All Other"
41-9091.00,"Door-To-Door Sales Workers, News and Street Vendors, and Related Workers",Sales and Related,False,False,1,26430.0,7800,-1.0,"Door-to-Door Sales Workers, News and Street Vendors, and Related Workers"
17-3019.00,"Drafters, All Other",Architecture and Engineering,False,False,-1,51850.0,1700,-1.0,
53-7031.00,Dredge Operators,Transportation and Material Moving,False,False,2,45260.0,200,92.0,
51-4032.00,"Drilling and Boring Machine Tool Setters, Operators, and Tenders, Metal and Plastic",Production,False,True,2,38020.0,900,-1.0,
53-3031.00,Driver/Sales Workers,Transportation and Material Moving,False,False,2,24700.0,48800,98.0,
47-2081.00,Drywall and Ceiling Tile Installers,Construction and Extraction,False,False,2,43730.0,12600,79.0,
47-5021.00,"Earth Drillers, Except Oil and Gas",Construction and Extraction,True,False,2,44430.0,2900,85.0,
25-1063.00,"Economics Teachers, Postsecondary","Education, Training, and Library",True,False,5,101480.0,1500,-1.0,
19-3011.00,Economists,"Life, Physical, and Social Science",True,False,5,104340.0,1800,43.0,
27-3041.00,Editors,"Arts, Design, Entertainment, Sports, and Media",False,False,4,59480.0,12400,6.0,
11-9039.00,"Education Administrators, All Other",Management,True,False,-1,82850.0,4200,-1.0,
11-9032.00,"Education Administrators, Elementary and Secondary School",Management,False,False,5,95310.0,22900,0.5,
11-9033.00,"Education Administrators, Postsecondary",Management,True,False,5,94340.0,16800,1.0,
11-9031.00,"Education Administrators, Preschool and Childcare Center/Program",Management,True,False,4,47940.0,5800,1.5,
25-1081.00,"Education Teachers, Postsecondary","Education, Training, and Library",True,False,5,64780.0,7400,-1.0,
25-9099.00,"Education, Training, and Library Workers, All Other","Education, Training, and Library",False,False,-1,42080.0,12000,-1.0,
21-1012.00,"Educational, Guidance, School, and Vocational Counselors",Community and Social Service,True,False,5,56310.0,37300,0.9,
49-2092.00,"Electric Motor, Power Tool, and Related Repairers","Installation, Maintenance, and Repair",False,False,3,42840.0,1900,76.0,
17-3023.00,Electrical and Electronic Engineering Technicians,Architecture and Engineering,False,False,-1,64330.0,12700,-1.0,
51-2022.00,Electrical and Electronic Equipment Assemblers,Production,False,True,2,33690.0,31400,95.0,"Electrical, Electronics, and Electromechanical Assemblers"
17-3012.00,Electrical and Electronics Drafters,Architecture and Engineering,False,False,-1,60070.0,2800,81.0,
49-2093.00,"Electrical and Electronics Installers and Repairers, Transportation Equipment","Installation, Maintenance, and Repair",False,False,3,60340.0,1000,91.0,
49-2094.00,"Electrical and Electronics Repairers, Commercial and Industrial Equipment","Installation, Maintenance, and Repair",False,True,3,58110.0,5400,-1.0,
49-2095.00,"Electrical and Electronics Repairers, Powerhouse, Substation, and Relay","Installation, Maintenance, and Repair",False,False,3,80200.0,2100,-1.0,
17-3012.02,Electrical Drafters,Architecture and Engineering,False,False,3,60070.0,2800,-1.0,Electrical and Electronics Drafters
17-3023.03,Electrical Engineering Technicians,Architecture and Engineering,False,True,3,64330.0,12700,-1.0,Electrical and Electronic Engineering Technicians
17-3029.02,Electrical Engineering Technologists,Architecture and Engineering,False,True,4,63200.0,8800,-1.0,"Engineering Technicians, Except Drafters, All Other"
17-2071.00,Electrical Engineers,Architecture and Engineering,False,True,4,96640.0,13900,10.0,
49-9051.00,Electrical Power-Line Installers and Repairers,"Installation, Maintenance, and Repair",True,True,3,70910.0,11400,10.0,
47-2111.00,Electricians,Construction and Extraction,True,True,3,55190.0,94600,15.0,
17-3024.00,Electro-Mechanical Technicians,Architecture and Engineering,False,True,3,57790.0,1400,81.0,
17-3029.03,Electromechanical Engineering Technologists,Architecture and Engineering,False,True,4,63200.0,8800,-1.0,"Engineering Technicians, Except Drafters, All Other"
51-2023.00,Electromechanical Equipment Assemblers,Production,False,False,2,33690.0,31400,97.0,"Electrical, Electronics, and Electromechanical Assemblers"
17-3012.01,Electronic Drafters,Architecture and Engineering,False,False,3,60070.0,2800,-1.0,Electrical and Electronics Drafters
49-2096.00,"Electronic Equipment Installers and Repairers, Motor Vehicles","Installation, Maintenance, and Repair",False,False,3,35590.0,800,61.0,
49-2097.00,Electronic Home Entertainment Equipment Installers and Repairers,"Installation, Maintenance, and Repair",False,False,3,38160.0,3300,65.0,
17-3023.01,Electronics Engineering Technicians,Architecture and Engineering,False,True,3,64330.0,12700,-1.0,Electrical and Electronic Engineering Technicians
17-3029.04,Electronics Engineering Technologists,Architecture and Engineering,False,True,3,63200.0,8800,-1.0,"Engineering Technicians, Except Drafters, All Other"
17-2072.00,"Electronics Engineers, Except Computer",Architecture and Engineering,False,True,4,102700.0,9000,3.0,
25-2021.00,"Elementary School Teachers, Except Special Education","Education, Training, and Library",True,False,4,58230.0,112400,0.4,
47-4021.00,Elevator Installers and Repairers,Construction and Extraction,True,False,3,79780.0,3500,39.0,
43-4061.00,"Eligibility Interviewers, Government Programs",Office and Administrative Support,False,False,3,46020.0,14700,70.0,
39-4011.00,Embalmers,Personal Care and Service,False,False,3,44250.0,700,54.0,
11-9161.00,Emergency Management Directors,Management,False,False,4,74420.0,900,0.3,
29-2041.00,Emergency Medical Technicians and Paramedics,Healthcare Practitioners and Technical,True,False,3,34320.0,19900,5.0,
31-9099.02,Endoscopy Technicians,Healthcare Support,True,False,3,37830.0,11700,-1.0,"Healthcare Support Workers, All Other"
13-1199.01,Energy Auditors,Business and Financial Operations,True,True,3,70530.0,119600,-1.0,"Business Operations Specialists, All Other"
41-3099.01,Energy Brokers,Sales and Related,True,True,4,54550.0,146800,-1.0,"Sales Representatives, Services, All Other"
17-2199.03,Energy Engineers,Architecture and Engineering,False,True,4,96980.0,11700,-1.0,"Engineers, All Other"
51-2031.00,Engine and Other Machine Assemblers,Production,False,True,2,44380.0,4500,82.0,
25-1032.00,"Engineering Teachers, Postsecondary","Education, Training, and Library",True,False,5,101720.0,4700,-1.0,
17-3029.00,"Engineering Technicians, Except Drafters, All Other",Architecture and Engineering,False,False,-1,63200.0,8800,24.0,
17-2199.00,"Engineers, All Other",Architecture and Engineering,False,False,-1,96980.0,11700,1.4,
25-1123.00,"English Language and Literature Teachers, Postsecondary","Education, Training, and Library",False,False,5,66590.0,7300,-1.0,
27-2099.00,"Entertainers and Performers, Sports and Related Workers, All Other","Arts, Design, Entertainment, Sports, and Media",False,False,-1,15.94,4600,-1.0,
39-3099.00,"Entertainment Attendants and Related Workers, All Other",Personal Care and Service,False,False,-1,24290.0,1400,-1.0,
13-1041.01,Environmental Compliance Inspectors,Business and Financial Operations,False,False,4,68860.0,30700,-1.0,Compliance Officers
19-3011.01,Environmental Economists,"Life, Physical, and Social Science",True,True,5,104340.0,1800,-1.0,Economists
17-3025.00,Environmental Engineering Technicians,Architecture and Engineering,True,True,4,50560.0,2000,25.0,
17-2081.00,Environmental Engineers,Architecture and Engineering,False,True,5,87620.0,4600,1.8,
19-2041.02,Environmental Restoration Planners,"Life, Physical, and Social Science",True,True,5,71130.0,10300,-1.0,"Environmental Scientists and Specialists, Including Health"
19-4091.00,"Environmental Science and Protection Technicians, Including Health","Life, Physical, and Social Science",True,True,4,46170.0,4600,77.0,
25-1053.00,"Environmental Science Teachers, Postsecondary","Education, Training, and Library",False,False,5,79910.0,700,-1.0,
19-2041.00,"Environmental Scientists and Specialists, Including Health","Life, Physical, and Social Science",True,True,4,71130.0,10300,3.0,
19-1041.00,Epidemiologists,"Life, Physical, and Social Science",False,False,5,69660.0,700,20.0,
13-1041.03,Equal Opportunity Representatives and Officers,Business and Financial Operations,False,False,4,68860.0,30700,-1.0,Compliance Officers
51-9194.00,Etchers and Engravers,Production,False,False,2,31330.0,1300,98.0,
53-7032.00,Excavating and Loading Machine and Dragline Operators,Transportation and Material Moving,True,False,2,44270.0,6500,94.0,
43-6011.00,Executive Secretaries and Executive Administrative Assistants,Office and Administrative Support,False,False,3,59340.0,50500,86.0,
29-1128.00,Exercise Physiologists,Healthcare Practitioners and Technical,True,False,5,49270.0,1100,-1.0,
47-5031.00,"Explosives Workers, Ordnance Handling Experts, and Blasters",Construction and Extraction,False,False,2,49860.0,800,48.0,
47-5099.00,"Extraction Workers, All Other",Construction and Extraction,True,False,-1,54840.0,1000,-1.0,
51-4021.00,"Extruding and Drawing Machine Setters, Operators, and Tenders, Metal and Plastic",Production,False,False,2,35150.0,8300,91.0,
51-6091.00,"Extruding and Forming Machine Setters, Operators, and Tenders, Synthetic and Glass Fibers",Production,False,False,2,34200.0,2300,-1.0,
51-9041.00,"Extruding, Forming, Pressing, and Compacting Machine Setters, Operators, and Tenders",Production,False,False,2,35120.0,7600,-1.0,
51-6092.00,Fabric and Apparel Patternmakers,Production,False,False,3,40560.0,600,0.5,
49-9093.00,"Fabric Menders, Except Garment","Installation, Maintenance, and Repair",False,False,1,30730.0,0,96.0,
45-4021.00,Fallers,"Farming, Fishing, and Forestry",False,False,1,44080.0,800,76.0,
29-1062.00,Family and General Practitioners,Healthcare Practitioners and Technical,True,False,5,201100.0,5100,-1.0,
25-9021.00,Farm and Home Management Advisors,"Education, Training, and Library",False,True,5,49840.0,1000,0.8,
11-9013.02,Farm and Ranch Managers,Management,False,True,4,67950.0,95600,-1.0,"Farmers, Ranchers, and Other Agricultural Managers"
49-3041.00,Farm Equipment Mechanics and Service Technicians,"Installation, Maintenance, and Repair",False,False,3,40630.0,4800,75.0,
13-1074.00,Farm Labor Contractors,Business and Financial Operations,True,False,2,46150.0,200,97.0,
11-9013.00,"Farmers, Ranchers, and Other Agricultural Managers",Management,False,False,-1,67950.0,95600,5.0,
45-2092.02,"Farmworkers and Laborers, Crop","Farming, Fishing, and Forestry",False,False,1,24320.0,88800,-1.0,"Farmworkers and Laborers, Crop, Nursery, and Greenhouse"
45-2092.00,"Farmworkers and Laborers, Crop, Nursery, and Greenhouse","Farming, Fishing, and Forestry",False,False,-1,24320.0,88800,-1.0,
45-2093.00,"Farmworkers, Farm, Ranch, and Aquacultural Animals","Farming, Fishing, and Forestry",False,False,2,26560.0,40600,-1.0,
27-1022.00,Fashion Designers,"Arts, Design, Entertainment, Sports, and Media",False,False,3,72720.0,2600,2.0,
47-4031.00,Fence Erectors,Construction and Extraction,True,False,2,34800.0,4200,92.0,
51-2091.00,Fiberglass Laminators and Fabricators,Production,False,False,2,34500.0,2600,93.0,
43-4071.00,File Clerks,Office and Administrative Support,False,False,2,31700.0,11900,97.0,
27-4032.00,Film and Video Editors,"Arts, Design, Entertainment, Sports, and Media",True,False,3,62650.0,4700,31.0,
13-2051.00,Financial Analysts,Business and Financial Operations,False,True,4,85660.0,30900,23.0,
43-3099.00,"Financial Clerks, All Other",Office and Administrative Support,True,False,-1,41020.0,4000,-1.0,
13-2061.00,Financial Examiners,Business and Financial Operations,True,False,4,80180.0,5200,17.0,
11-3031.00,Financial Managers,Management,True,False,-1,127990.0,64900,7.0,
11-3031.02,"Financial Managers, Branch or Department",Management,True,False,4,127990.0,64900,-1.0,Financial Managers
13-2099.01,Financial Quantitative Analysts,Business and Financial Operations,False,True,5,70280.0,13700,-1.0,"Financial Specialists, All Other"
13-2099.00,"Financial Specialists, All Other",Business and Financial Operations,False,False,-1,70280.0,13700,33.0,
27-1013.00,"Fine Artists, Including Painters, Sculptors, and Illustrators","Arts, Design, Entertainment, Sports, and Media",False,False,3,49380.0,3100,4.0,
33-2021.01,Fire Inspectors,Protective Service,False,False,3,62510.0,1300,-1.0,Fire Inspectors and Investigators
33-2021.00,Fire Inspectors and Investigators,Protective Service,False,False,-1,62510.0,1300,48.0,
33-2021.02,Fire Investigators,Protective Service,False,False,3,62510.0,1300,-1.0,Fire Inspectors and Investigators
17-2111.02,Fire-Prevention and Protection Engineers,Architecture and Engineering,False,False,4,89130.0,2000,-1.0,"Health and Safety Engineers, Except Mining Safety Engineers and Inspectors"
33-2011.00,Firefighters,Protective Service,False,False,-1,49620.0,25000,17.0,
45-1011.07,First-Line Supervisors of Agricultural Crop and Horticultural Workers,"Farming, Fishing, and Forestry",False,True,3,46960.0,8400,-1.0,"First-Line Supervisors of Farming, Fishing, and Forestry Workers"
45-1011.08,First-Line Supervisors of Animal Husbandry and Animal Care Workers,"Farming, Fishing, and Forestry",False,False,3,46960.0,8400,-1.0,"First-Line Supervisors of Farming, Fishing, and Forestry Workers"
45-1011.06,First-Line Supervisors of Aquacultural Workers,"Farming, Fishing, and Forestry",False,False,4,46960.0,8400,-1.0,"First-Line Supervisors of Farming, Fishing, and Forestry Workers"
47-1011.00,First-Line Supervisors of Construction Trades and Extraction Workers,Construction and Extraction,True,False,3,65230.0,79400,17.0,
33-1011.00,First-Line Supervisors of Correctional Officers,Protective Service,False,False,3,63340.0,2800,3.0,
45-1011.00,"First-Line Supervisors of Farming, Fishing, and Forestry Workers","Farming, Fishing, and Forestry",False,False,-1,46960.0,8400,57.0,
33-1021.00,First-Line Supervisors of Fire Fighting and Prevention Workers,Protective Service,False,False,-1,76330.0,4800,0.4,
35-1012.00,First-Line Supervisors of Food Preparation and Serving Workers,Food Preparation and Serving Related,True,False,2,32450.0,169900,63.0,
53-1021.00,"First-Line Supervisors of Helpers, Laborers, and Material Movers, Hand",Transportation and Material Moving,False,False,2,55470.0,48900,-1.0,Supervisors of Transportation and Material Moving Workers
37-1011.00,First-Line Supervisors of Housekeeping and Janitorial Workers,Building and Grounds Cleaning and Maintenance,True,False,2,39940.0,30400,94.0,
37-1012.00,"First-Line Supervisors of Landscaping, Lawn Service, and Groundskeeping Workers",Building and Grounds Cleaning and Maintenance,True,False,3,48220.0,24300,-1.0,
45-1011.05,First-Line Supervisors of Logging Workers,"Farming, Fishing, and Forestry",False,True,2,46960.0,8400,-1.0,"First-Line Supervisors of Farming, Fishing, and Forestry Workers"
49-1011.00,"First-Line Supervisors of Mechanics, Installers, and Repairers","Installation, Maintenance, and Repair",False,True,3,66140.0,47500,0.3,
41-1012.00,First-Line Supervisors of Non-Retail Sales Workers,Sales and Related,False,False,4,73390.0,37000,8.0,
43-1011.00,First-Line Supervisors of Office and Administrative Support Workers,Office and Administrative Support,True,False,3,55810.0,161100,1.4,
39-1021.00,First-Line Supervisors of Personal Service Workers,Personal Care and Service,True,False,3,38400.0,34400,8.0,
33-1012.00,First-Line Supervisors of Police and Detectives,Protective Service,False,False,3,89030.0,8300,0.4,
51-1011.00,First-Line Supervisors of Production and Operating Workers,Production,False,True,2,60420.0,65200,1.6,
33-1099.00,"First-Line Supervisors of Protective Service Workers, All Other",Protective Service,False,False,-1,49640.0,8100,-1.0,
41-1011.00,First-Line Supervisors of Retail Sales Workers,Sales and Related,True,False,2,39630.0,165500,28.0,
53-1031.00,First-Line Supervisors of Transportation and Material-Moving Machine and Vehicle Operators,Transportation and Material Moving,False,False,2,55470.0,48900,-1.0,Supervisors of Transportation and Material Moving Workers
33-3031.00,Fish and Game Wardens,Protective Service,False,True,4,57710.0,500,8.0,
45-3011.00,Fishers and Related Fishing Workers,"Farming, Fishing, and Forestry",False,False,1,25380.0,6200,83.0,"Farming, Fishing, and Forestry Occupations"
11-9039.02,Fitness and Wellness Coordinators,Management,True,False,4,82850.0,4200,-1.0,"Education Administrators, All Other"
39-9031.00,Fitness Trainers and Aerobics Instructors,Personal Care and Service,True,False,3,39820.0,67600,9.0,
53-2031.00,Flight Attendants,Transportation and Material Moving,True,False,3,56000.0,15300,35.0,
47-2042.00,"Floor Layers, Except Carpet, Wood, and Hard Tiles",Construction and Extraction,True,False,2,42760.0,2500,79.0,
47-2043.00,Floor Sanders and Finishers,Construction and Extraction,True,False,2,37510.0,700,87.0,
27-1023.00,Floral Designers,"Arts, Design, Entertainment, Sports, and Media",False,False,2,27200.0,4400,5.0,
51-3091.00,"Food and Tobacco Roasting, Baking, and Drying Machine Operators and Tenders",Production,False,False,2,30840.0,2900,-1.0,
51-3092.00,Food Batchmakers,Production,False,False,2,29720.0,24800,70.0,
51-3093.00,Food Cooking Machine Operators and Tenders,Production,False,False,2,30120.0,5700,61.0,
35-9099.00,"Food Preparation and Serving Related Workers, All Other",Food Preparation and Serving Related,True,False,-1,23850.0,10800,-1.0,
35-2021.00,Food Preparation Workers,Food Preparation and Serving Related,True,False,1,23730.0,158500,87.0,
51-3099.00,"Food Processing Workers, All Other",Production,False,False,-1,25870.0,5300,-1.0,
19-4011.02,Food Science Technicians,"Life, Physical, and Social Science",False,False,3,40860.0,3800,-1.0,Agricultural and Food Science Technicians
19-1012.00,Food Scientists and Technologists,"Life, Physical, and Social Science",False,False,4,65300.0,1800,8.0,
35-3041.00,"Food Servers, Nonrestaurant",Food Preparation and Serving Related,True,False,1,23290.0,46500,86.0,
11-9051.00,Food Service Managers,Management,True,False,2,54240.0,46900,8.0,
25-1124.00,"Foreign Language and Literature Teachers, Postsecondary","Education, Training, and Library",True,False,5,67640.0,3000,-1.0,
19-4092.00,Forensic Science Technicians,"Life, Physical, and Social Science",True,False,4,58230.0,2400,1.0,
19-4093.00,Forest and Conservation Technicians,"Life, Physical, and Social Science",False,True,3,37180.0,4000,42.0,
45-4011.00,Forest and Conservation Workers,"Farming, Fishing, and Forestry",False,True,3,27460.0,2400,87.0,
33-1021.02,Forest Fire Fighting and Prevention Supervisors,Protective Service,False,False,3,76330.0,4800,-1.0,First-Line Supervisors of Fire Fighting and Prevention Workers
33-2022.00,Forest Fire Inspectors and Prevention Specialists,Protective Service,True,False,3,39600.0,300,5.0,
33-2011.02,Forest Firefighters,Protective Service,False,False,2,49620.0,25000,-1.0,Firefighters
19-1032.00,Foresters,"Life, Physical, and Social Science",False,False,4,61410.0,1000,0.8,
25-1043.00,"Forestry and Conservation Science Teachers, Postsecondary","Education, Training, and Library",False,False,5,86900.0,200,-1.0,
51-4022.00,"Forging Machine Setters, Operators, and Tenders, Metal and Plastic",Production,False,False,2,38900.0,1200,93.0,
51-4071.00,Foundry Mold and Coremakers,Production,False,False,2,35430.0,1300,67.0,
13-2099.04,"Fraud Examiners, Investigators and Analysts",Business and Financial Operations,False,False,4,70280.0,13700,-1.0,"Financial Specialists, All Other"
53-6051.08,Freight and Cargo Inspectors,Transportation and Material Moving,False,False,4,73780.0,3300,-1.0,Transportation Inspectors
43-5011.01,Freight Forwarders,Office and Administrative Support,True,True,2,43210.0,10100,-1.0,Cargo and Freight Agents
17-2141.01,Fuel Cell Engineers,Architecture and Engineering,False,True,5,87370.0,22900,-1.0,Mechanical Engineers
17-3029.10,Fuel Cell Technicians,Architecture and Engineering,False,True,-1,63200.0,8800,-1.0,"Engineering Technicians, Except Drafters, All Other"
13-1131.00,Fundraisers,Business and Financial Operations,True,False,4,56950.0,11300,-1.0,
39-4021.00,Funeral Attendants,Personal Care and Service,False,False,2,26400.0,6000,37.0,
11-9061.00,Funeral Service Managers,Management,False,False,3,79180.0,1900,-1.0,
51-9051.00,"Furnace, Kiln, Oven, Drier, and Kettle Operators and Tenders",Production,False,False,2,39160.0,2400,37.0,
51-7021.00,Furniture Finishers,Production,False,False,2,31950.0,2400,87.0,
39-3012.00,Gaming and Sports Book Writers and Runners,Personal Care and Service,False,False,2,24430.0,1800,91.0,
43-3041.00,Gaming Cage Workers,Office and Administrative Support,False,False,2,27490.0,2300,39.0,
41-2012.00,Gaming Change Persons and Booth Cashiers,Sales and Related,False,False,2,24880.0,4300,83.0,
39-3011.00,Gaming Dealers,Personal Care and Service,False,False,2,20120.0,15500,96.0,
11-9071.00,Gaming Managers,Management,True,False,3,74700.0,700,9.0,
39-3019.00,"Gaming Service Workers, All Other",Personal Care and Service,False,False,-1,27550.0,1600,-1.0,
39-1011.00,Gaming Supervisors,Personal Care and Service,True,False,2,49420.0,8800,28.0,First-Line Supervisors of Gaming Workers
33-9031.00,Gaming Surveillance Officers and Gaming Investigators,Protective Service,False,False,2,32680.0,1400,95.0,
53-7071.00,Gas Compressor and Gas Pumping Station Operators,Transportation and Material Moving,False,False,2,65210.0,400,91.0,
51-8092.00,Gas Plant Operators,Production,False,False,3,71070.0,1500,78.0,
51-9071.06,Gem and Diamond Workers,Production,False,False,3,39440.0,4400,-1.0,Jewelers and Precious Stone and Metal Workers
11-1021.00,General and Operations Managers,Management,True,True,4,100930.0,230000,16.0,
29-9092.00,Genetic Counselors,Healthcare Practitioners and Technical,True,False,5,80370.0,300,-1.0,
19-1029.03,Geneticists,"Life, Physical, and Social Science",False,False,5,79590.0,4700,-1.0,"Biological Scientists, All Other"
17-1022.01,Geodetic Surveyors,Architecture and Engineering,False,False,4,62580.0,4000,-1.0,Surveyors
19-3092.00,Geographers,"Life, Physical, and Social Science",False,False,5,80300.0,200,25.0,
15-1199.05,Geographic Information Systems Technicians,Computer and Mathematical,True,True,4,90270.0,35700,-1.0,"Computer Occupations, All Other"
25-1064.00,"Geography Teachers, Postsecondary","Education, Training, and Library",False,False,5,80350.0,400,-1.0,
19-4041.00,Geological and Petroleum Technicians,"Life, Physical, and Social Science",True,False,-1,53300.0,1800,91.0,
19-4041.02,Geological Sample Test Technicians,"Life, Physical, and Social Science",True,True,4,53300.0,1800,-1.0,Geological and Petroleum Technicians
19-4041.01,Geophysical Data Technicians,"Life, Physical, and Social Science",True,True,4,53300.0,1800,-1.0,Geological and Petroleum Technicians
19-2042.00,"Geoscientists, Except Hydrologists and Geographers","Life, Physical, and Social Science",False,True,4,91130.0,3600,63.0,
15-1199.04,Geospatial Information Scientists and Technologists,Computer and Mathematical,True,True,4,90270.0,35700,-1.0,"Computer Occupations, All Other"
11-3051.02,Geothermal Production Managers,Management,False,True,3,103380.0,13800,-1.0,Industrial Production Managers
49-9099.01,Geothermal Technicians,"Installation, Maintenance, and Repair",False,True,2,39320.0,21300,-1.0,"Installation, Maintenance, and Repair Workers, All Other"
51-9195.04,"Glass Blowers, Molders, Benders, and Finishers",Production,False,False,2,33340.0,5300,-1.0,"Molders, Shapers, and Casters, Except Metal and Plastic"
47-2121.00,Glaziers,Construction and Extraction,True,False,2,43550.0,7000,73.0,
13-1041.04,Government Property Inspectors and Investigators,Business and Financial Operations,False,False,3,68860.0,30700,-1.0,Compliance Officers
45-2041.00,"Graders and Sorters, Agricultural Products","Farming, Fishing, and Forestry",False,False,1,24430.0,5800,41.0,
25-1191.00,Graduate Teaching Assistants,"Education, Training, and Library",False,False,5,33700.0,14900,-1.0,
27-1024.00,Graphic Designers,"Arts, Design, Entertainment, Sports, and Media",False,False,4,50370.0,30300,8.0,
11-2011.01,Green Marketers,Management,False,True,-1,117130.0,2700,-1.0,Advertising and Promotions Managers
51-9022.00,"Grinding and Polishing Workers, Hand",Production,False,False,1,29550.0,2600,97.0,
51-4033.00,"Grinding, Lapping, Polishing, and Buffing Machine Tool Setters, Operators, and Tenders, Metal and Plastic",Production,False,False,2,34850.0,7400,-1.0,
37-3019.00,"Grounds Maintenance Workers, All Other",Building and Grounds Cleaning and Maintenance,False,False,-1,30420.0,2400,-1.0,
39-5012.00,"Hairdressers, Hairstylists, and Cosmetologists",Personal Care and Service,True,False,3,24730.0,94600,11.0,
47-4041.00,Hazardous Materials Removal Workers,Construction and Extraction,True,True,3,42030.0,6600,53.0,
17-2111.00,"Health and Safety Engineers, Except Mining Safety Engineers and Inspectors",Architecture and Engineering,False,False,-1,89130.0,2000,3.0,
29-1199.00,"Health Diagnosing and Treating Practitioners, All Other",Healthcare Practitioners and Technical,True,False,-1,73960.0,3400,2.0,
21-1091.00,Health Educators,Community and Social Service,True,False,4,54220.0,8000,5.0,
25-1071.00,"Health Specialties Teachers, Postsecondary","Education, Training, and Library",True,False,5,97370.0,29400,-1.0,
29-2099.00,"Health Technologists and Technicians, All Other",Healthcare Practitioners and Technical,True,False,-1,42920.0,11700,40.0,
29-9099.00,"Healthcare Practitioners and Technical Workers, All Other",Healthcare Practitioners and Technical,True,False,-1,54620.0,2500,6.0,
21-1022.00,Healthcare Social Workers,Community and Social Service,True,False,5,56200.0,22200,0.4,
31-9099.00,"Healthcare Support Workers, All Other",Healthcare Support,True,False,-1,37830.0,11700,63.0,
29-2092.00,Hearing Aid Specialists,Healthcare Practitioners and Technical,True,False,3,52770.0,700,-1.0,
51-4191.00,"Heat Treating Equipment Setters, Operators, and Tenders, Metal and Plastic",Production,False,False,2,37520.0,1700,-1.0,
49-9021.01,Heating and Air Conditioning Mechanics and Installers,"Installation, Maintenance, and Repair",True,True,3,47610.0,42800,-1.0,"Heating, Air Conditioning, and Refrigeration Mechanics and Installers"
49-9021.00,"Heating, Air Conditioning, and Refrigeration Mechanics and Installers","Installation, Maintenance, and Repair",True,False,-1,47610.0,42800,65.0,
53-3032.00,Heavy and Tractor-Trailer Truck Drivers,Transportation and Material Moving,True,True,2,43680.0,238400,79.0,
47-3019.00,"Helpers, Construction Trades, All Other",Construction and Extraction,True,False,-1,30510.0,4100,-1.0,
47-3011.00,"Helpers--Brickmasons, Blockmasons, Stonemasons, and Tile and Marble Setters",Construction and Extraction,True,False,2,33380.0,3700,-1.0,
47-3012.00,Helpers--Carpenters,Construction and Extraction,True,True,2,30880.0,5300,92.0,
47-3013.00,Helpers--Electricians,Construction and Extraction,True,False,2,31410.0,11400,74.0,
47-5081.00,Helpers--Extraction Workers,Construction and Extraction,True,False,2,36350.0,2600,37.0,
49-9098.00,"Helpers--Installation, Maintenance, and Repair Workers","Installation, Maintenance, and Repair",True,True,2,29450.0,15100,79.0,
47-3014.00,"Helpers--Painters, Paperhangers, Plasterers, and Stucco Masons",Construction and Extraction,False,False,1,29960.0,1600,94.0,
47-3015.00,"Helpers--Pipelayers, Plumbers, Pipefitters, and Steamfitters",Construction and Extraction,True,False,2,30980.0,9200,57.0,
51-9198.00,Helpers--Production Workers,Production,True,False,2,27730.0,57700,66.0,
47-3016.00,Helpers--Roofers,Construction and Extraction,True,False,2,30390.0,1400,72.0,
47-4051.00,Highway Maintenance Workers,Construction and Extraction,False,False,2,39690.0,18400,87.0,
19-3093.00,Historians,"Life, Physical, and Social Science",False,False,5,61140.0,400,44.0,
25-1125.00,"History Teachers, Postsecondary","Education, Training, and Library",False,False,5,74590.0,2400,-1.0,
29-2011.03,Histotechnologists and Histologic Technicians,Healthcare Practitioners and Technical,True,False,3,52330.0,25500,-1.0,Clinical Laboratory Technologists and Technicians
53-7041.00,Hoist and Winch Operators,Transportation and Material Moving,False,False,2,45490.0,400,65.0,
49-9031.00,Home Appliance Repairers,"Installation, Maintenance, and Repair",False,False,2,39270.0,4300,72.0,
25-1192.00,"Home Economics Teachers, Postsecondary","Education, Training, and Library",False,False,5,71380.0,200,-1.0,
31-1011.00,Home Health Aides,Healthcare Support,True,False,2,24200.0,140800,39.0,
29-1069.03,Hospitalists,Healthcare Practitioners and Technical,True,False,5,200890.0,16500,-1.0,"Physicians and Surgeons, All Other"
35-9031.00,"Hosts and Hostesses, Restaurant, Lounge, and Coffee Shop",Food Preparation and Serving Related,True,False,2,22160.0,107600,97.0,
43-4081.00,"Hotel, Motel, and Resort Desk Clerks",Office and Administrative Support,False,False,2,23700.0,41900,94.0,
17-2112.01,Human Factors Engineers and Ergonomists,Architecture and Engineering,True,False,5,87040.0,22600,-1.0,Industrial Engineers
43-4161.00,"Human Resources Assistants, Except Payroll and Timekeeping",Office and Administrative Support,False,False,3,40390.0,13800,90.0,
11-3121.00,Human Resources Managers,Management,True,False,4,113300.0,14400,0.6,
13-1071.00,Human Resources Specialists,Business and Financial Operations,False,False,4,60880.0,67700,-1.0,
45-3021.00,Hunters and Trappers,"Farming, Fishing, and Forestry",False,False,1,25380.0,6200,77.0,"Farming, Fishing, and Forestry Occupations"
51-8099.04,Hydroelectric Plant Technicians,Production,False,True,3,57100.0,1400,-1.0,"Plant and System Operators, All Other"
11-3051.06,Hydroelectric Production Managers,Management,False,True,3,103380.0,13800,-1.0,Industrial Production Managers
19-2043.00,Hydrologists,"Life, Physical, and Social Science",True,True,5,79370.0,800,1.4,
33-3021.05,Immigration and Customs Inspectors,Protective Service,False,False,3,81920.0,7500,-1.0,Detectives and Criminal Investigators
19-2041.03,Industrial Ecologists,"Life, Physical, and Social Science",True,True,5,71130.0,10300,-1.0,"Environmental Scientists and Specialists, Including Health"
17-3026.00,Industrial Engineering Technicians,Architecture and Engineering,False,True,3,55460.0,6600,3.0,
17-3029.05,Industrial Engineering Technologists,Architecture and Engineering,False,True,4,63200.0,8800,-1.0,"Engineering Technicians, Except Drafters, All Other"
17-2112.00,Industrial Engineers,Architecture and Engineering,True,True,4,87040.0,22600,3.0,
49-9041.00,Industrial Machinery Mechanics,"Installation, Maintenance, and Repair",False,True,3,52340.0,37800,67.0,
11-3051.00,Industrial Production Managers,Management,False,True,4,103380.0,13800,3.0,
17-2111.01,Industrial Safety and Health Engineers,Architecture and Engineering,False,True,4,89130.0,2000,-1.0,"Health and Safety Engineers, Except Mining Safety Engineers and Inspectors"
53-7051.00,Industrial Truck and Tractor Operators,Transportation and Material Moving,False,True,2,34750.0,73400,93.0,
19-3032.00,Industrial-Organizational Psychologists,"Life, Physical, and Social Science",True,False,5,97260.0,100,1.2,
15-1121.01,Informatics Nurse Specialists,Computer and Mathematical,True,False,4,88740.0,53400,-1.0,Computer Systems Analysts
43-4199.00,"Information and Record Clerks, All Other",Office and Administrative Support,False,False,-1,40950.0,20500,-1.0,
15-1122.00,Information Security Analysts,Computer and Mathematical,True,False,4,98350.0,12800,21.0,
15-1199.09,Information Technology Project Managers,Computer and Mathematical,True,False,4,90270.0,35700,-1.0,"Computer Occupations, All Other"
51-9061.00,"Inspectors, Testers, Sorters, Samplers, and Weighers",Production,False,True,2,38250.0,54400,98.0,
49-9099.00,"Installation, Maintenance, and Repair Workers, All Other","Installation, Maintenance, and Repair",False,False,-1,39320.0,21300,50.0,
25-9031.00,Instructional Coordinators,"Education, Training, and Library",False,False,5,64450.0,18600,0.4,
25-9031.01,Instructional Designers and Technologists,"Education, Training, and Library",False,False,5,64450.0,18600,-1.0,Instructional Coordinators
47-2131.00,"Insulation Workers, Floor, Ceiling, and Wall",Construction and Extraction,False,True,2,38480.0,4000,83.0,
47-2132.00,"Insulation Workers, Mechanical",Construction and Extraction,True,False,2,47740.0,3300,64.0,
13-1031.02,"Insurance Adjusters, Examiners, and Investigators",Business and Financial Operations,False,False,4,65900.0,25800,-1.0,"Claims Adjusters, Examiners, and Investigators"
13-1032.00,"Insurance Appraisers, Auto Damage",Business and Financial Operations,False,False,3,62520.0,1600,98.0,
43-9041.00,Insurance Claims and Policy Processing Clerks,Office and Administrative Support,False,False,-1,39660.0,32700,98.0,
43-9041.01,Insurance Claims Clerks,Office and Administrative Support,False,False,3,39660.0,32700,-1.0,Insurance Claims and Policy Processing Clerks
43-9041.02,Insurance Policy Processing Clerks,Office and Administrative Support,False,False,2,39660.0,32700,-1.0,Insurance Claims and Policy Processing Clerks
41-3021.00,Insurance Sales Agents,Sales and Related,True,False,4,50600.0,53400,92.0,
13-2053.00,Insurance Underwriters,Business and Financial Operations,False,False,4,69380.0,8400,99.0,
33-3021.06,Intelligence Analysts,Protective Service,False,False,4,81920.0,7500,-1.0,Detectives and Criminal Investigators
27-1025.00,Interior Designers,"Arts, Design, Entertainment, Sports, and Media",False,False,4,53370.0,8000,2.0,
29-1063.00,"Internists, General",Healthcare Practitioners and Technical,False,False,5,194500.0,1400,-1.0,
27-3091.00,Interpreters and Translators,"Arts, Design, Entertainment, Sports, and Media",True,False,4,49930.0,9800,38.0,
43-4111.00,"Interviewers, Except Eligibility and Loan",Office and Administrative Support,False,False,2,34060.0,26200,94.0,
11-9199.03,Investment Fund Managers,Management,False,False,5,107480.0,91300,-1.0,"Managers, All Other"
13-2099.03,Investment Underwriters,Business and Financial Operations,False,True,-1,70280.0,13700,-1.0,"Financial Specialists, All Other"
37-2011.00,"Janitors and Cleaners, Except Maids and Housekeeping Cleaners",Building and Grounds Cleaning and Maintenance,True,False,2,26110.0,343100,66.0,
51-9071.01,Jewelers,Production,False,False,3,39440.0,4400,-1.0,Jewelers and Precious Stone and Metal Workers
51-9071.00,Jewelers and Precious Stone and Metal Workers,Production,False,False,-1,39440.0,4400,95.0,
23-1023.00,"Judges, Magistrate Judges, and Magistrates",Legal,False,False,5,133920.0,1500,40.0,
23-1012.00,Judicial Law Clerks,Legal,False,False,5,53540.0,800,41.0,
25-2012.00,"Kindergarten Teachers, Except Special Education","Education, Training, and Library",False,False,4,55470.0,14300,15.0,
13-1075.00,Labor Relations Specialists,Business and Financial Operations,False,False,4,67790.0,7000,-1.0,
53-7062.00,"Laborers and Freight, Stock, and Material Movers, Hand",Transportation and Material Moving,True,True,2,28260.0,434700,85.0,
17-1012.00,Landscape Architects,Architecture and Engineering,False,True,4,68230.0,1900,5.0,
37-3011.00,Landscaping and Groundskeeping Workers,Building and Grounds Cleaning and Maintenance,True,False,1,29000.0,173600,95.0,
51-4034.00,"Lathe and Turning Machine Tool Setters, Operators, and Tenders, Metal and Plastic",Production,False,False,2,39180.0,2800,84.0,
51-6011.00,Laundry and Dry-Cleaning Workers,Production,False,False,1,23210.0,29000,71.0,
25-1112.00,"Law Teachers, Postsecondary","Education, Training, and Library",True,False,5,111140.0,2200,-1.0,
23-1011.00,Lawyers,Legal,False,False,5,120910.0,45700,4.0,
51-4192.00,"Layout Workers, Metal and Plastic",Production,False,False,2,47900.0,800,84.0,
43-6012.00,Legal Secretaries,Office and Administrative Support,False,False,3,46360.0,14300,98.0,
23-2099.00,"Legal Support Workers, All Other",Legal,False,False,-1,58930.0,4400,-1.0,
11-1031.00,Legislators,Management,False,False,4,24670.0,4300,-1.0,
25-4021.00,Librarians,"Education, Training, and Library",False,False,5,59050.0,14700,65.0,
43-4121.00,"Library Assistants, Clerical",Office and Administrative Support,False,False,2,26500.0,13700,95.0,
25-1082.00,"Library Science Teachers, Postsecondary","Education, Training, and Library",False,False,5,71560.0,500,-1.0,
25-4031.00,Library Technicians,"Education, Training, and Library",False,False,3,34040.0,14000,99.0,
43-4031.03,License Clerks,Office and Administrative Support,False,False,2,38450.0,14900,-1.0,"Court, Municipal, and License Clerks"
29-2061.00,Licensed Practical and Licensed Vocational Nurses,Healthcare Practitioners and Technical,True,False,3,46240.0,66300,6.0,
13-1041.02,Licensing Examiners and Inspectors,Business and Financial Operations,False,False,3,68860.0,30700,-1.0,Compliance Officers
19-1099.00,"Life Scientists, All Other","Life, Physical, and Social Science",False,False,-1,78190.0,700,-1.0,
19-4099.00,"Life, Physical, and Social Science Technicians, All Other","Life, Physical, and Social Science",True,False,-1,49670.0,9400,61.0,
33-9092.00,"Lifeguards, Ski Patrol, and Other Recreational Protective Service Workers",Protective Service,True,False,2,22410.0,39000,-1.0,
53-3033.00,Light Truck or Delivery Services Drivers,Transportation and Material Moving,True,False,2,32810.0,120700,69.0,
53-7033.00,"Loading Machine Operators, Underground Mining",Transportation and Material Moving,False,False,2,51160.0,300,50.0,
13-2071.01,Loan Counselors,Business and Financial Operations,True,False,4,45180.0,3800,-1.0,Credit Counselors
43-4131.00,Loan Interviewers and Clerks,Office and Administrative Support,True,False,3,39890.0,25900,92.0,
13-2072.00,Loan Officers,Business and Financial Operations,True,False,3,63040.0,29900,98.0,
39-3093.00,"Locker Room, Coatroom, and Dressing Room Attendants",Personal Care and Service,True,False,2,24030.0,4500,43.0,
49-9094.00,Locksmiths and Safe Repairers,"Installation, Maintenance, and Repair",False,False,2,41450.0,2100,77.0,
53-4011.00,Locomotive Engineers,Transportation and Material Moving,False,True,2,62100.0,2900,96.0,
53-4012.00,Locomotive Firers,Transportation and Material Moving,False,False,2,63820.0,0,93.0,
11-9081.00,Lodging Managers,Management,False,False,4,53390.0,5500,0.4,
45-4023.00,Log Graders and Scalers,"Farming, Fishing, and Forestry",False,False,2,38220.0,700,97.0,
45-4022.00,Logging Equipment Operators,"Farming, Fishing, and Forestry",False,False,1,40510.0,5000,79.0,
45-4029.00,"Logging Workers, All Other","Farming, Fishing, and Forestry",False,False,-1,39750.0,700,-1.0,
13-1081.00,Logisticians,Business and Financial Operations,False,False,4,74600.0,17900,1.2,
13-1081.02,Logistics Analysts,Business and Financial Operations,False,True,4,74600.0,17900,-1.0,Logisticians
13-1081.01,Logistics Engineers,Business and Financial Operations,False,True,4,74600.0,17900,-1.0,Logisticians
11-3071.03,Logistics Managers,Management,False,True,4,94730.0,11400,-1.0,"Transportation, Storage, and Distribution Managers"
11-9199.08,Loss Prevention Managers,Management,False,False,4,107480.0,91300,-1.0,"Managers, All Other"
29-1122.01,"Low Vision Therapists, Orientation and Mobility Specialists, and Vision Rehabilitation Therapists",Healthcare Practitioners and Technical,True,False,5,84270.0,10500,-1.0,Occupational Therapists
53-7063.00,Machine Feeders and Offbearers,Transportation and Material Moving,False,False,2,29560.0,8800,93.0,
51-4041.00,Machinists,Production,False,True,3,43630.0,41600,65.0,
29-2035.00,Magnetic Resonance Imaging Technologists,Healthcare Practitioners and Technical,True,False,3,71670.0,2700,-1.0,
37-2012.00,Maids and Housekeeping Cleaners,Building and Grounds Cleaning and Maintenance,True,False,2,23770.0,197000,69.0,
43-9051.00,"Mail Clerks and Mail Machine Operators, Except Postal Service",Office and Administrative Support,False,False,2,30430.0,9100,94.0,
49-9071.00,"Maintenance and Repair Workers, General","Installation, Maintenance, and Repair",True,True,3,38300.0,156900,64.0,
49-9043.00,"Maintenance Workers, Machinery","Installation, Maintenance, and Repair",False,False,3,47060.0,8000,86.0,
39-5091.00,"Makeup Artists, Theatrical and Performance",Personal Care and Service,True,False,3,64250.0,600,1.0,
13-1111.00,Management Analysts,Business and Financial Operations,True,False,5,83610.0,99900,13.0,
11-9199.00,"Managers, All Other",Management,False,False,-1,107480.0,91300,25.0,
39-5092.00,Manicurists and Pedicurists,Personal Care and Service,True,False,2,24330.0,20300,95.0,
49-9095.00,Manufactured Building and Mobile Home Installers,"Installation, Maintenance, and Repair",False,False,2,32040.0,200,18.0,
17-3029.06,Manufacturing Engineering Technologists,Architecture and Engineering,False,True,4,63200.0,8800,-1.0,"Engineering Technicians, Except Drafters, All Other"
17-2199.04,Manufacturing Engineers,Architecture and Engineering,False,True,4,96980.0,11700,-1.0,"Engineers, All Other"
17-3029.09,Manufacturing Production Technicians,Architecture and Engineering,False,True,3,63200.0,8800,-1.0,"Engineering Technicians, Except Drafters, All Other"
17-3031.02,Mapping Technicians,Architecture and Engineering,False,False,3,44380.0,7200,-1.0,Surveying and Mapping Technicians
17-2121.02,Marine Architects,Architecture and Engineering,True,False,4,92560.0,800,-1.0,Marine Engineers and Naval Architects
17-2121.01,Marine Engineers,Architecture and Engineering,True,False,4,92560.0,800,-1.0,Marine Engineers and Naval Architects
17-2121.00,Marine Engineers and Naval Architects,Architecture and Engineering,True,False,-1,92560.0,800,1.0,
13-1161.00,Market Research Analysts and Marketing Specialists,Business and Financial Operations,True,False,4,63120.0,90700,61.0,
11-2021.00,Marketing Managers,Management,True,True,4,134290.0,26000,1.4,
43-5081.02,Marking Clerks,Office and Administrative Support,True,False,2,25700.0,279500,-1.0,Stock Clerks and Order Fillers
21-1013.00,Marriage and Family Therapists,Community and Social Service,True,False,5,50090.0,7500,1.4,
31-9011.00,Massage Therapists,Healthcare Support,True,False,3,41420.0,24200,54.0,
53-7199.00,"Material Moving Workers, All Other",Transportation and Material Moving,False,False,-1,29410.0,3700,-1.0,
17-2131.00,Materials Engineers,Architecture and Engineering,False,False,4,92390.0,1700,2.0,
19-2032.00,Materials Scientists,"Life, Physical, and Social Science",False,True,5,99800.0,800,2.0,
53-5021.02,"Mates- Ship, Boat, and Barge",Transportation and Material Moving,False,False,2,69180.0,3600,-1.0,"Captains, Mates, and Pilots of Water Vessels"
15-2099.00,"Mathematical Science Occupations, All Other",Computer and Mathematical,False,False,-1,57190.0,200,-1.0,Miscellaneous Mathematical Science Occupations
25-1022.00,"Mathematical Science Teachers, Postsecondary","Education, Training, and Library",False,False,5,73230.0,5300,-1.0,
15-2091.00,Mathematical Technicians,Computer and Mathematical,False,False,4,57190.0,200,99.0,Miscellaneous Mathematical Science Occupations
15-2021.00,Mathematicians,Computer and Mathematical,True,False,5,101900.0,300,5.0,
51-3022.00,"Meat, Poultry, and Fish Cutters and Trimmers",Production,False,False,1,26950.0,20800,94.0,
49-9011.00,Mechanical Door Repairers,"Installation, Maintenance, and Repair",True,False,2,41010.0,2300,91.0,
17-3013.00,Mechanical Drafters,Architecture and Engineering,False,False,3,55920.0,5400,68.0,
17-3027.00,Mechanical Engineering Technicians,Architecture and Engineering,False,False,3,56250.0,4300,38.0,
17-3029.07,Mechanical Engineering Technologists,Architecture and Engineering,False,True,3,63200.0,8800,-1.0,"Engineering Technicians, Except Drafters, All Other"
17-2141.00,Mechanical Engineers,Architecture and Engineering,False,True,4,87370.0,22900,1.1,
17-2199.05,Mechatronics Engineers,Architecture and Engineering,False,True,4,96980.0,11700,-1.0,"Engineers, All Other"
27-4099.00,"Media and Communication Equipment Workers, All Other","Arts, Design, Entertainment, Sports, and Media",False,False,-1,79580.0,2400,-1.0,
27-3099.00,"Media and Communication Workers, All Other","Arts, Design, Entertainment, Sports, and Media",True,False,-1,48330.0,3200,-1.0,
29-2012.00,Medical and Clinical Laboratory Technicians,Healthcare Practitioners and Technical,True,False,3,52330.0,25500,47.0,Clinical Laboratory Technologists and Technicians
29-2011.00,Medical and Clinical Laboratory Technologists,Healthcare Practitioners and Technical,True,False,4,52330.0,25500,90.0,Clinical Laboratory Technologists and Technicians
11-9111.00,Medical and Health Services Managers,Management,True,False,5,99730.0,42200,0.7,
51-9082.00,Medical Appliance Technicians,Production,True,False,3,39190.0,2200,45.0,
31-9092.00,Medical Assistants,Healthcare Support,True,False,3,33610.0,99700,30.0,
31-9093.00,Medical Equipment Preparers,Healthcare Support,True,False,2,36240.0,7300,78.0,
49-9062.00,Medical Equipment Repairers,"Installation, Maintenance, and Repair",False,False,3,49210.0,6000,27.0,
29-2071.00,Medical Records and Health Information Technicians,Healthcare Practitioners and Technical,True,False,3,40350.0,16800,91.0,
19-1042.00,"Medical Scientists, Except Epidemiologists","Life, Physical, and Social Science",True,False,5,84810.0,13200,0.5,
43-6013.00,Medical Secretaries,Office and Administrative Support,True,False,3,35760.0,82400,81.0,
31-9094.00,Medical Transcriptionists,Healthcare Support,False,False,3,34770.0,7700,89.0,
13-1121.00,"Meeting, Convention, and Event Planners",Business and Financial Operations,True,False,4,49370.0,16800,4.0,
21-1023.00,Mental Health and Substance Abuse Social Workers,Community and Social Service,True,False,5,44840.0,15500,0.3,
21-1014.00,Mental Health Counselors,Community and Social Service,True,False,5,47790.0,103900,0.5,Counselors
27-1026.00,Merchandise Displayers and Window Trimmers,"Arts, Design, Entertainment, Sports, and Media",False,False,3,28450.0,17300,48.0,
51-4199.00,"Metal Workers and Plastic Workers, All Other",Production,False,False,-1,35920.0,2300,-1.0,
51-4051.00,Metal-Refining Furnace Operators and Tenders,Production,False,False,2,41220.0,2000,88.0,
43-5041.00,"Meter Readers, Utilities",Office and Administrative Support,False,False,2,40360.0,2800,85.0,
11-3051.05,Methane/Landfill Gas Collection System Operators,Management,False,True,-1,103380.0,13800,-1.0,Industrial Production Managers
51-8099.02,Methane/Landfill Gas Generation System Technicians,Production,False,True,-1,57100.0,1400,-1.0,"Plant and System Operators, All Other"
19-1022.00,Microbiologists,"Life, Physical, and Social Science",False,False,5,71650.0,2100,1.2,
17-2199.06,Microsystems Engineers,Architecture and Engineering,False,True,5,96980.0,11700,-1.0,"Engineers, All Other"
25-2022.00,"Middle School Teachers, Except Special and Career/Technical Education","Education, Training, and Library",False,False,4,58600.0,48300,-1.0,
29-9099.01,Midwives,Healthcare Practitioners and Technical,True,False,4,54620.0,2500,-1.0,"Healthcare Practitioners and Technical Workers, All Other"
51-4035.00,"Milling and Planing Machine Setters, Operators, and Tenders, Metal and Plastic",Production,False,False,2,43590.0,1400,-1.0,
49-9044.00,Millwrights,"Installation, Maintenance, and Repair",True,True,2,55060.0,4400,59.0,
47-5042.00,Mine Cutting and Channeling Machine Operators,Construction and Extraction,False,False,2,47170.0,600,59.0,
53-7111.00,Mine Shuttle Car Operators,Transportation and Material Moving,False,False,2,56340.0,100,37.0,
17-2151.00,"Mining and Geological Engineers, Including Mining Safety Engineers",Architecture and Engineering,False,False,4,92250.0,500,14.0,
47-5049.00,"Mining Machine Operators, All Other",Construction and Extraction,False,False,-1,51490.0,400,-1.0,
51-9023.00,"Mixing and Blending Machine Setters, Operators, and Tenders",Production,False,True,2,37210.0,14900,83.0,
49-3042.00,"Mobile Heavy Equipment Mechanics, Except Engines","Installation, Maintenance, and Repair",False,False,3,51920.0,15800,40.0,
51-4061.00,"Model Makers, Metal and Plastic",Production,False,False,3,56130.0,500,93.0,
51-7031.00,"Model Makers, Wood",Production,False,False,3,53100.0,200,96.0,
41-9012.00,Models,Sales and Related,False,False,1,23770.0,600,98.0,
51-9195.00,"Molders, Shapers, and Casters, Except Metal and Plastic",Production,False,False,-1,33340.0,5300,90.0,
51-9195.07,Molding and Casting Workers,Production,False,False,2,33340.0,5300,-1.0,"Molders, Shapers, and Casters, Except Metal and Plastic"
51-4072.00,"Molding, Coremaking, and Casting Machine Setters, Operators, and Tenders, Metal and Plastic",Production,False,False,2,31480.0,15700,-1.0,
19-1029.02,Molecular and Cellular Biologists,"Life, Physical, and Social Science",False,False,5,79590.0,4700,-1.0,"Biological Scientists, All Other"
39-4031.00,"Morticians, Undertakers, and Funeral Directors",Personal Care and Service,False,False,3,52650.0,3600,20.0,
39-3021.00,Motion Picture Projectionists,Personal Care and Service,False,False,2,22760.0,800,97.0,
53-3099.00,"Motor Vehicle Operators, All Other",Transportation and Material Moving,True,False,-1,30360.0,11000,-1.0,
49-3051.00,Motorboat Mechanics and Service Technicians,"Installation, Maintenance, and Repair",False,False,3,40180.0,2700,66.0,
53-5022.00,Motorboat Operators,Transportation and Material Moving,False,False,2,50290.0,300,62.0,
49-3052.00,Motorcycle Mechanics,"Installation, Maintenance, and Repair",True,False,3,36790.0,1900,79.0,
27-1014.00,Multimedia Artists and Animators,"Arts, Design, Entertainment, Sports, and Media",False,False,4,72520.0,8300,1.5,
51-4081.00,"Multiple Machine Tool Setters, Operators, and Tenders, Metal and Plastic",Production,False,False,2,35390.0,14700,-1.0,
43-4031.02,Municipal Clerks,Office and Administrative Support,False,False,3,38450.0,14900,-1.0,"Court, Municipal, and License Clerks"
33-1021.01,Municipal Fire Fighting and Prevention Supervisors,Protective Service,False,False,3,76330.0,4800,-1.0,First-Line Supervisors of Fire Fighting and Prevention Workers
33-2011.01,Municipal Firefighters,Protective Service,False,False,3,49620.0,25000,-1.0,Firefighters
25-4013.00,Museum Technicians and Conservators,"Education, Training, and Library",True,False,4,43020.0,1800,59.0,
27-2041.04,Music Composers and Arrangers,"Arts, Design, Entertainment, Sports, and Media",False,False,3,49630.0,7800,-1.0,Music Directors and Composers
27-2041.01,Music Directors,"Arts, Design, Entertainment, Sports, and Media",False,False,4,49630.0,7800,-1.0,Music Directors and Composers
27-2041.00,Music Directors and Composers,"Arts, Design, Entertainment, Sports, and Media",False,False,-1,49630.0,7800,1.5,
29-1125.02,Music Therapists,Healthcare Practitioners and Technical,True,False,4,47860.0,1100,-1.0,Recreational Therapists
49-9063.00,Musical Instrument Repairers and Tuners,"Installation, Maintenance, and Repair",False,False,3,36330.0,800,91.0,
27-2042.00,Musicians and Singers,"Arts, Design, Entertainment, Sports, and Media",False,False,-1,28.15,22400,7.0,
27-2042.02,"Musicians, Instrumental","Arts, Design, Entertainment, Sports, and Media",False,False,4,28.15,22400,-1.0,Musicians and Singers
39-9011.01,Nannies,Personal Care and Service,True,False,2,23240.0,177900,-1.0,Childcare Workers
17-2199.09,Nanosystems Engineers,Architecture and Engineering,False,True,5,96980.0,11700,-1.0,"Engineers, All Other"
17-3029.12,Nanotechnology Engineering Technicians,Architecture and Engineering,False,True,3,63200.0,8800,-1.0,"Engineering Technicians, Except Drafters, All Other"
17-3029.11,Nanotechnology Engineering Technologists,Architecture and Engineering,False,True,4,63200.0,8800,-1.0,"Engineering Technicians, Except Drafters, All Other"
11-9121.00,Natural Sciences Managers,Management,False,True,5,123860.0,6100,1.8,
29-1199.04,Naturopathic Physicians,Healthcare Practitioners and Technical,True,False,5,73960.0,3400,-1.0,"Health Diagnosing and Treating Practitioners, All Other"
15-1142.00,Network
